paperDOI,conferenceID,edition,year,city
ef10b30de48ce654d435e62594441b5b317f3cda,b55b50b1-aae7-47a7-b042-8aecc930073d,7.0,2023.0,Sao Paulo
ef76b9a961d152f79484ee9326baaa9f7bb089ab,316506ad-c672-4283-9b3e-3f126d973e85,4.0,2023.0,Chicago
62189e97a09f26dd24b7b4393777e88759659cf1,6f55e05d-807c-4cc0-a541-1e89abcc993d,16.0,2023.0,Sao Paulo
d1c91fdf066b9195a25626e903ce55765dde0387,bdc2e585-4e48-4e36-8af1-6d859763d405,4.0,2004.0,Abuja
a02fbaf22237a1aedacb1320b6007cd70c1fe6ec,fc0a208c-acb7-47dc-a0d4-af8190e21d29,17.0,2022.0,Houston
ce3d844959ea83024e7f744b4d07160bd165b0b4,49361fbb-e471-4e0c-84f5-bc0563760bc8,3.0,2014.0,Chicago
d553d008f643622e87e3ac061226865cad3b2928,6f55e05d-807c-4cc0-a541-1e89abcc993d,12.0,2023.0,Barcelona
6d0f8427064a7eaa04947a2ba4c91c98efa734da,e6904c24-9546-4135-8344-e3999e375558,19.0,2021.0,Tokyo
89c3bd70ad33c4f8832f00ab98872b77861ee0ec,939c6e1d-0d17-4d6e-8a82-66d960df0e40,7.0,2022.0,Beijing
4c4140cd59969f65f6bfc4a8632a8bfae7889097,939c6e1d-0d17-4d6e-8a82-66d960df0e40,20.0,2023.0,Sydney
3c996ace0fc6c54dbd9035d92d731bd9a57f8c6d,ca8e29a4-b8d6-469e-a148-2156149cddfb,12.0,2023.0,Barcelona
c874577384095c5edec60499461275e308dff797,ba675c4e-f2dc-454e-9e38-d195732ed2b6,17.0,2022.0,Sao Paulo
ce64abaf73a842b0487bdbf07097957408147b8d,c9e16b3c-2fdf-4b4c-82bf-5cdf3d3435b7,10.0,2023.0,Sydney
5d35119a1608582bed987df60861765245bdad8e,ace94611-0469-4818-ae70-43bdb8082d73,18.0,2018.0,Beijing
1ee88e64945503c93b68344e639a7ae085f6e37d,a0edb93b-1e95-4128-a295-6b1659149cef,16.0,2016.0,Chicago
74b2b38b61329186f0192ead46098e65224b3bf0,ea38228f-6ed3-4222-a3ce-d963d8cc9516,11.0,2023.0,Beijing
72f463e6a50bc9738a45aea57062b495331f4031,6c3a9833-5fac-49d3-b7e7-64910bd40b4e,3.0,2014.0,Barcelona
e656b0376ca11f533ea01097c70f98c0ff655c00,ace94611-0469-4818-ae70-43bdb8082d73,1.0,2019.0,Abuja
3db5c5a6c720091e2c9be8bb45b96fe7be313717,0adda20e-ff7e-4350-9e45-79895021fd3b,11.0,2017.0,Houston
ba7a63f8636c7509f0af0538edb2e1f82fd421fd,f9af8000-42f8-410d-a622-e8811e41660a,15.0,2021.0,Los Angeles
2c9af30480fdd20c9c66dbf2849e045fbfe21547,0925390e-10b4-48f1-9fe4-30fc595c92cb,5.0,2021.0,Los Angeles
4f387e240d9428cb889ef4ccc1858ba2d39920b2,6fc6b436-90f0-4b58-a339-85aed71b82f7,17.0,2018.0,Los Angeles
36a8de88bddab9218e5208da6889dfb7088df217,49361fbb-e471-4e0c-84f5-bc0563760bc8,9.0,2015.0,Barcelona
dde8734e6927fb38e05799cdc755504639796b0f,bdc2e585-4e48-4e36-8af1-6d859763d405,19.0,2020.0,Sydney
33dc37f5391789ce81061f303923ffec07dde1d1,6c3a9833-5fac-49d3-b7e7-64910bd40b4e,10.0,2018.0,Los Angeles
8de690ecc54990792d0990fa9a815f852341be57,5aca6456-76d5-4208-84d8-a6b60228b52b,6.0,2016.0,Chicago
ab7f6628cbbafae1ce994929af2482efbd092d61,7251b1b9-e3df-4a35-aa07-816a6473988a,2.0,2020.0,Sao Paulo
d2d79513f32c4d09b6255b18514d7ad07ebf43fe,25710d4b-a2d9-4b6c-9f28-154866d9fbbe,20.0,2018.0,Beijing
2c6df83795cd5baf3b8c6e2639b85e2df0cee1d0,3bcf77b3-860b-4dd7-84ae-9fe9414c6c6a,3.0,2021.0,Tokyo
d3403aa9b57f69f85a61a84a83c0c5f2f284c97e,768b87bb-8a18-4d9c-a161-4d483c776bcf,9.0,2022.0,Berlin
0ff580e9d7f259406122e1426f72c9b4461226c4,cdc83875-a82d-445c-b097-cbe91afe99a8,20.0,2020.0,Berlin
8da43f1800ba0c3d806705abf586f7ca0af888a6,3dbf084c-ef47-4b74-9919-047b40704538,12.0,2023.0,Chicago
90abbc2cf38462b954ae1b772fac9532e2ccd8b0,d9720b90-d60b-48bc-9df8-87a30b9a60dd,14.0,2020.0,Berlin
b181a887f4977a58de209edd694ed72237e5f640,79c77f49-24e0-4b61-a1a0-a8ba8f64be00,1.0,2023.0,London
46e7a7e8adb610f76bd0bc196282b92c846fe939,74f47cf8-2839-4a56-959a-524dd0ed9e3e,15.0,2023.0,Tokyo
985675f8c89b8c70c47e61cbc472d508fedd2050,2c231043-8ef3-4598-8710-3355388f3f11,9.0,2023.0,New York
220856b0d885ff7d18ce2064ed69daedae1f7638,e1afedcc-2543-4f61-b797-bc52344438e7,18.0,2022.0,Tokyo
ad3dfb2514cb0c899fcb9a14d229ff2a6018892f,d9720b90-d60b-48bc-9df8-87a30b9a60dd,1.0,2022.0,Tokyo
570660cb220ffe7d542f193a279826ff8cd41f3b,67f7f831-711a-43c8-8785-1e09005359b5,5.0,2017.0,Houston
1bd32735fa93c37577ce25c45ba862ef50d5c3d6,a5b1a3db-6324-4978-85a5-ec777e93ffe6,19.0,2018.0,Los Angeles
be3ec164145be75248950558918661e8babd32b2,37275deb-3fcf-4d16-ae77-95db9899b1f3,5.0,2019.0,Chicago
75791cfcb2a7f00c58ddb4dffd95229875d8f02c,6c3a9833-5fac-49d3-b7e7-64910bd40b4e,6.0,2015.0,Chicago
98fe695240b3ab9cd0ef771dd094a1d5f13c28b6,f9af8000-42f8-410d-a622-e8811e41660a,12.0,1985.0,Tokyo
deab2bb68cea5ca00ce65996313c96c30dd00ecb,ebcbaf26-62a6-4cb2-b637-b29091ca04d6,17.0,2021.0,Beijing
409ebe4c2a8eb45ce1572af381980e0d4339f3bb,24e5c42b-e7ca-4f5a-8ab0-a1933aaeee30,18.0,2019.0,Los Angeles
658dc31f6816c51eba77bf82ca1eab4a25812deb,37386a78-98c8-4297-984f-6d2d70d81eec,3.0,2017.0,Beijing
479fd6434e62711a0e091c7c2c7216ca3bacdd5a,bdc2e585-4e48-4e36-8af1-6d859763d405,13.0,2020.0,Beijing
3127190433230b3dc1abd0680bb58dced4bcd90e,d9720b90-d60b-48bc-9df8-87a30b9a60dd,3.0,2012.0,Barcelona
cdcf7cb29f37ac0546961ea8a076075b9cc1f992,a0edb93b-1e95-4128-a295-6b1659149cef,1.0,2004.0,London
f0d6a9f36d6c9204bb4ba920b71e787974581585,28a83bf1-b6e5-416f-8c5a-fdc53e54f3a1,13.0,2016.0,Los Angeles
6017e81c5ede6c38b306a3df9738aeb04baa7619,bdc2e585-4e48-4e36-8af1-6d859763d405,11.0,2018.0,Los Angeles
b0c28a23747b5c408b56eee8bf56b0dfd7640cfe,9ec28b59-afd2-4d10-9a97-44d984123c30,18.0,2020.0,Berlin
8d156ab3f8d39e10ed652241c6285c61d3e3aff2,f2e4c9ec-928d-4753-9670-3d8d697d884c,12.0,2016.0,Barcelona
f71c25642f53c52823aeef5d215993470991cf82,939c6e1d-0d17-4d6e-8a82-66d960df0e40,10.0,2013.0,Sydney
6de08c5762e6d06a7e8ee0c4baa1a0acb505720a,6c1a00cb-4b59-44d6-a887-bfd7c5b3768f,9.0,2015.0,Sao Paulo
b6988c2580c8e6a445b560c489d7b07bf992a66b,1124d164-490d-4da9-b0c2-ce8a8dc98202,2.0,2017.0,Houston
b581c0c41184f3640f774240b6ba9cf08497a9d2,d8ec66ab-0083-4a4d-bf44-ce85d2daad69,19.0,2015.0,Sao Paulo
28f09e7b8d6d9acac916773a7d1443ad92e00ba4,1e33b3be-b2ab-46e9-96e8-d4eb4bad6e44,7.0,2020.0,Houston
b7b915d508987b73b61eccd2b237e7ed099a2d29,fc0a208c-acb7-47dc-a0d4-af8190e21d29,6.0,2013.0,Abuja
815fe9fb59eb556e47200d1fbb0fc18475df9e45,f6752838-f268-4a1b-87e7-c5f30a36713c,1.0,2020.0,Abuja
b3d8dffb73bc93de239998548386c84177caa2ad,939c6e1d-0d17-4d6e-8a82-66d960df0e40,14.0,2013.0,Barcelona
ad7ddcc14984caae308c397f1a589aae75d4ab71,fc0a208c-acb7-47dc-a0d4-af8190e21d29,4.0,2020.0,Beijing
97ecd97a364dc8cd00c740d8e6acce5c5ed064dc,66c268f7-ba60-443f-919d-e2c297910401,14.0,2014.0,New York
3abb951003196e5ec2022f03cb8c29e2d1885071,896f2617-0482-44b9-b43f-5dd10b91272c,2.0,2020.0,London
268d347e8a55b5eb82fb5e7d2f800e33c75ab18a,939c6e1d-0d17-4d6e-8a82-66d960df0e40,13.0,2020.0,Houston
cd02e0a094953077217e2e62f3557b36a365acff,1e33b3be-b2ab-46e9-96e8-d4eb4bad6e44,6.0,2020.0,Abuja
69bb2581d27a810f4e64260f07cdf8c61a622665,bfa6e440-6762-47f0-b1b9-2a43c02d9f62,13.0,2019.0,Berlin
2a59ed5750d4d6ed4f6be74c2757f988ef62a57e,0e129215-7c25-46c9-b04b-a0e9faabf021,5.0,2021.0,Beijing
056368339abb62cd57a284a08a0e366c96e903e2,c714c0c6-6a1a-4eb3-a7a6-337b6303efac,18.0,2019.0,Tokyo
5d836b98fb2a6958358ab163f475afe15ab91548,dc1f6af7-a7cd-4b54-8e76-29c7c3ffe920,11.0,2019.0,Tokyo
16e0361afc68b2c71cab43b21abf482da69b33d0,2a7ac430-c70b-4147-b72a-237f8cba9f27,19.0,2013.0,Houston
d1208ac421cf8ff67b27d93cd19ae42b8d596f95,fc0a208c-acb7-47dc-a0d4-af8190e21d29,7.0,2013.0,Houston
09870e19fef123db71e95fa3b41bc242411c7334,ca7cc789-490c-4a45-a655-916b91ac34a7,5.0,1997.0,Los Angeles
4ce13dcc8e5497755bbedcea39c4b9b7e14fe64f,6afe5f5f-0d54-4e3a-aa07-ed4778cf1405,2.0,2018.0,Chicago
e775e649d815a02373eac840cf5e33a04ff85c95,7654260e-79f9-45c5-9663-d72027cf88f3,13.0,2021.0,Barcelona
a6fef68aa30429ee15223b6be658a4536ab19128,86c43745-31d9-4c1a-b33f-ce3aa0042dbb,1.0,2010.0,Tokyo
ef706e908d4fd07f3b02b68de67d058a802879ce,40610b78-5867-43e9-8938-6a9afa7178c6,4.0,2012.0,Barcelona
fa08b41ccdfc5d8771adfbc34c176fa237d4646c,fc0a208c-acb7-47dc-a0d4-af8190e21d29,2.0,2021.0,Sydney
7474f9117bf7131b355d8acae3a9403d9e07e7e7,1b73cf10-499b-4477-b813-0d77343ff834,16.0,2017.0,Beijing
8fd7db9116e165584b0a240a05b7dae4fd3e82b2,4bdc459e-68eb-4596-8e24-85dd8a047952,7.0,2013.0,Chicago
61e5b76518397d6251ad31b977de045ef1b8fb6a,1e517cb2-1ca1-45b8-964a-456366bdcdc1,1.0,2020.0,Abuja
7c4356ec0dca6e6df0af7a882e2cd1571c8bf3dc,939c6e1d-0d17-4d6e-8a82-66d960df0e40,6.0,2020.0,Houston
72d32c986b47d6b880dad0c3f155fe23d2939038,df4d867b-b4ce-4d53-8c8c-e44bba7a0e0c,9.0,2013.0,Sao Paulo
e53fde0e51b578767e6f4876ef7f09633fba7e7a,e07422f9-c065-40c3-a37b-75e98dce79fe,5.0,2011.0,Barcelona
610b302950a19acef1c45456111dcd495f638c18,fc0a208c-acb7-47dc-a0d4-af8190e21d29,19.0,2021.0,Chicago
00396270ed338ff24d612ad1530b8eb2ba194f06,60c45ccc-5528-42eb-85a9-7606a3d9b220,4.0,2011.0,Barcelona
04d89cc3532d40875e563d6c3e215a1e72becebc,40610b78-5867-43e9-8938-6a9afa7178c6,6.0,2011.0,Chicago
84b740dafe54c7ebac7abb52f866c01d571e1ba2,c694abde-3639-4e84-8fb7-c184d53ebae0,7.0,2021.0,Los Angeles
507d4db5530300ef296219b56cb020ff9987c141,7615b077-5ea5-499f-b31b-52ac94b4a6a5,7.0,2012.0,London
2984ab83ade26639c3a82d29628d0d9e4abbebb0,7654260e-79f9-45c5-9663-d72027cf88f3,13.0,2021.0,Los Angeles
f6b51c8753a871dc94ff32152c00c01e94f90f09,939c6e1d-0d17-4d6e-8a82-66d960df0e40,4.0,2013.0,London
048760760e5f522e84562bb24a90ead2355669ea,ebcbaf26-62a6-4cb2-b637-b29091ca04d6,4.0,2021.0,London
eb8655151cc0cf1ff58aa58aef690f52027c6613,82232d5e-6988-4998-8758-cf548eb30c5b,19.0,2020.0,Sydney
dbe077f8521ecbe0a1477d6148c726d4f053d9c9,7654260e-79f9-45c5-9663-d72027cf88f3,5.0,2021.0,Tokyo
56f9cc0508e8c46b667538a35ea7679d19314950,67d171e0-fd12-4512-a35d-c4d7af1bd5b3,10.0,2021.0,Sao Paulo
7ce6eca495909de2ffa0b6d9c16993757208764e,768b87bb-8a18-4d9c-a161-4d483c776bcf,4.0,2018.0,Beijing
fcc0eb6ff52827a121673280ea34f870d0c93b54,3f2626a8-9d78-42ca-9e0d-4b853b59cdcc,9.0,2011.0,Tokyo
b6cf10713451191de8f0d30211f85a1080249a74,768b87bb-8a18-4d9c-a161-4d483c776bcf,20.0,2019.0,Abuja
c69859fd9ee74e5287c5dbf22ee7e82663fe8bdd,d13e941e-4cac-4f1d-bdca-77d927e31f1b,16.0,2010.0,Sao Paulo
f48d322244c906b45792b28206df7cfb23495004,7654260e-79f9-45c5-9663-d72027cf88f3,4.0,2017.0,Abuja
b2fdee22aa02477292b858fbafcb418932732bce,e448ade4-5d3c-4040-b6a5-edfc5fd3e0e5,2.0,2010.0,Barcelona
477a1de90ba8f22e4f4068ff8d6233afe74db936,167fa0ca-e88a-4ef7-a16f-bc66c457c806,1.0,2020.0,Paris
80da612e1831b8c11539180871843cff6dfaac90,7654260e-79f9-45c5-9663-d72027cf88f3,3.0,2021.0,Los Angeles
0d46406058396f66fca4a248b897956159dfabcb,7654260e-79f9-45c5-9663-d72027cf88f3,1.0,2019.0,Sydney
22cc76c6d9b25facb2874bbcbbbfe781a4d85bcd,768b87bb-8a18-4d9c-a161-4d483c776bcf,1.0,2020.0,Chicago
b2b0c31d036941cb557be4afb7101dc1b72f17cb,7654260e-79f9-45c5-9663-d72027cf88f3,14.0,2019.0,Barcelona
1bb466a643ef08434fbb6527cfc3d891d2932f8f,d8ec66ab-0083-4a4d-bf44-ce85d2daad69,10.0,2011.0,Sao Paulo
dd2819016c6bf244c39b3e6707b60389bbdbcd21,768b87bb-8a18-4d9c-a161-4d483c776bcf,1.0,2021.0,Chicago
51871d01c26acb651c81adaf073c32c3d9ec0f0b,d4610af5-85e0-480b-8773-5c71d92a7b99,20.0,2017.0,Barcelona
3d7df210adf70f30f952739553201994b92e5630,768b87bb-8a18-4d9c-a161-4d483c776bcf,6.0,2019.0,Berlin
c50a7f1850d1770fe728b8e42200e463ca669896,e4e999b7-2be0-4bd0-ad3b-7afd3fe50a4d,12.0,2008.0,Sao Paulo
c32fd8ea1b3f2df410410fb18d569dede102c53a,768b87bb-8a18-4d9c-a161-4d483c776bcf,3.0,2021.0,Beijing
731304583d2e40bf6ee030e3cd81f767713f999a,e4f51561-5050-4b9c-87c2-c49957677fbf,15.0,2011.0,New York
0b9476177e70d281d4a52aa60809b6a15d2a7523,768b87bb-8a18-4d9c-a161-4d483c776bcf,14.0,2020.0,Sao Paulo
bcfe57e2d05648c7ace15f3e96bb899b3fa262f2,fbfbf10a-faa4-4d2a-85be-3ac660454ce3,10.0,2018.0,Tokyo
10da56ca968d4e862d9071246790e930660438d4,24e5c42b-e7ca-4f5a-8ab0-a1933aaeee30,7.0,2010.0,Beijing
810c5e5cd7f83edbd141a6e89981e116b0de405f,528ced1f-e949-4e1a-8fee-2ffbf0be551d,7.0,2018.0,Chicago
e53a7926a448a90717eccd521aeddfffd8eec92c,91d4ecad-d022-4953-901e-c5c57c614f72,14.0,2010.0,Beijing
b3159fd22e19e24d7cde9d37b3e482b832d4fa58,fc0a208c-acb7-47dc-a0d4-af8190e21d29,15.0,2017.0,New York
d916830788be8306ee896cb246615c5b217439a4,54649c1d-6bcc-4232-9cd1-aa446867b8d0,7.0,2018.0,Abuja
11e4e71b13860045fa9abff5ea227463d0e7562b,e1ce0fed-d655-40bd-b678-9adc73f2e582,1.0,2009.0,Sao Paulo
722ad6ac92286507437b31486f47987d6ece05c9,939c6e1d-0d17-4d6e-8a82-66d960df0e40,9.0,2021.0,Paris
29c05c8a2f24ddf9572019b396801ad9bb21e884,768b87bb-8a18-4d9c-a161-4d483c776bcf,20.0,2018.0,New York
0f910174d2e19101ca8f008909006e79416821fd,7f92b1d2-f2b3-454d-adbe-ff02c83fe404,10.0,2018.0,Berlin
c5a3d27f2e3404137cf0d5295763b15c663f6369,48c16163-36d3-4db2-9fad-44f4c5eb7007,12.0,2009.0,Sao Paulo
f23bf58437140927ee7b2107597568e23a398ba1,7654260e-79f9-45c5-9663-d72027cf88f3,2.0,2019.0,Los Angeles
21248bcc81539e7cd1ef83b3b184768603f6f247,768b87bb-8a18-4d9c-a161-4d483c776bcf,14.0,2019.0,Abuja
d2bcea9743f2ea056d90db968cc020932d7bad24,6942697c-b275-4b4d-8d51-e2a455c24b16,9.0,2010.0,Houston
ead956ecdcedf5c015b91203046910c71f6c4685,34342fcb-3fe0-45c6-a017-6e65b73d030f,19.0,2007.0,New York
3a2823f29bb664ebcd8d440fc5b0952399c3aa10,167fa0ca-e88a-4ef7-a16f-bc66c457c806,18.0,2018.0,Sao Paulo
6d7d48fdde91604d8047e8574b11d05465d9e0be,37275deb-3fcf-4d16-ae77-95db9899b1f3,11.0,2016.0,Chicago
e9675f461418a9c591486e5d4cecd4b42addfd75,167fa0ca-e88a-4ef7-a16f-bc66c457c806,11.0,2020.0,Houston
0b93657965e506dfbd56fbc1c1d4b9666b1d01c8,86c43745-31d9-4c1a-b33f-ce3aa0042dbb,13.0,2008.0,Abuja
8c31e0862a7f26fd1a4a52045ffcf24b8b82292e,768b87bb-8a18-4d9c-a161-4d483c776bcf,17.0,2019.0,Chicago
d19356ce442d9c04625b3a253f370feaf00ea6a0,768b87bb-8a18-4d9c-a161-4d483c776bcf,13.0,2019.0,Paris
131660f9f10a831968f2fafa0985f1b5eeb0b337,4b02e809-1c26-4203-b9ba-311a418f664b,7.0,2017.0,Chicago
a58715797b61588cbd020b9a98292a98f8483420,768b87bb-8a18-4d9c-a161-4d483c776bcf,15.0,2019.0,Barcelona
962dc29fdc3fbdc5930a10aba114050b82fe5a3e,167fa0ca-e88a-4ef7-a16f-bc66c457c806,19.0,2020.0,Sao Paulo
220d47d9b2872f0f0c33084fb4425424d91fa0ac,0d6f7fba-7092-46b3-8039-93458dba736b,1.0,2018.0,Barcelona
4cdcf2ae5e1fafebd9b3613247a7b1962584da34,768b87bb-8a18-4d9c-a161-4d483c776bcf,1.0,2016.0,Los Angeles
897035ae01cb6dde31f6e881c15a9470c36c5bfd,bdc2e585-4e48-4e36-8af1-6d859763d405,11.0,2018.0,Sydney
e5c91e9f6688e522acc9d3fd7a95475b9c8e0f58,b7aa40ac-729b-49d6-9064-4d1a9480e9a9,20.0,2016.0,Houston
5125a16039cabc6320c908a4764f32596e018ad3,3dbf084c-ef47-4b74-9919-047b40704538,10.0,2018.0,Abuja
43df18622279d0107d5cf020f917d61b56bfeacc,d4610af5-85e0-480b-8773-5c71d92a7b99,1.0,2015.0,Tokyo
8faaa20dc9af4defa14735d85e19e2651bc537cd,60408b8b-149f-442e-bf15-86cb734cd1bb,14.0,2008.0,Paris
fe33ba23625e0039b6bddf69a63f43dfe22928b1,82901c74-dc2e-4d08-b633-637c7e209284,2.0,2009.0,New York
32b918246037976ba5f8363104ec042f56db42d6,939c6e1d-0d17-4d6e-8a82-66d960df0e40,7.0,2018.0,Beijing
33998aff64ce51df8dee45989cdca4b6b1329ec4,939c6e1d-0d17-4d6e-8a82-66d960df0e40,14.0,2017.0,Beijing
41edd975efbbc5af28971bc2669d9a1ae6ee8ace,4b02e809-1c26-4203-b9ba-311a418f664b,5.0,2018.0,Chicago
bc89fc6d6333e358e3b65c8e956567621cb60a3d,3f2626a8-9d78-42ca-9e0d-4b853b59cdcc,18.0,2011.0,London
beafabdbd7df228bbdd2a3bb5a463d5869b84983,41929b26-d887-42cf-97f1-1217a0a9e315,16.0,2008.0,Abuja
36c15f27f9406fbdc1165ee37b5744ee73935cec,768b87bb-8a18-4d9c-a161-4d483c776bcf,1.0,2016.0,Los Angeles
e0c37e1c4b9181b34c42dca31dd2f3757d285770,49ffa32e-34da-480d-b54f-fffae4bdd30f,11.0,2009.0,Sydney
4954fa180728932959997a4768411ff9136aac81,86c43745-31d9-4c1a-b33f-ce3aa0042dbb,12.0,2016.0,Chicago
c4b30751fa0e2d9fd1fca925e8e47180a15a3865,67f7f831-711a-43c8-8785-1e09005359b5,13.0,2019.0,London
1284ed4bf6a043ecf8cebca09e4811f1e3b83b65,3bcf77b3-860b-4dd7-84ae-9fe9414c6c6a,7.0,2018.0,London
c92c70dbfc2907350a2c547d6126da783aa5e1b6,768b87bb-8a18-4d9c-a161-4d483c776bcf,8.0,2018.0,Barcelona
6f96eecaf8f854021cc294427a5d4e47875ef120,e6336efd-c907-4dc5-9ba7-062cd38116bc,20.0,2010.0,Sao Paulo
b8b11e8152fa900ab34aabb30f9542ffe7d4c453,406d9f60-417a-4dc5-a6b7-1fe4689a4ff7,14.0,2017.0,Barcelona
d821767b7c7315c69daa39fbb0f4a44426bfaf41,768b87bb-8a18-4d9c-a161-4d483c776bcf,4.0,2016.0,New York
6fffaf5db22866eec6ae8d2a61c9e2286382e1d6,d2423c06-c1fe-458d-bf8a-cc24aefe3f59,1.0,2014.0,New York
dc200ab22bf63e10e8b2af328a9e072d82cf75b7,768b87bb-8a18-4d9c-a161-4d483c776bcf,17.0,2016.0,Chicago
88087bd6b61eeb44148041ab4d1939b65f89e73b,a5c58053-0673-4cdb-b2b8-b6b0ad6911d1,15.0,2005.0,Sydney
bd8a307efcffbf57d2e5c3c23577de44d883d865,14d0272a-18b8-4a25-834b-cf3b120b226f,10.0,2016.0,Berlin
7ce15c684af9e8df03244ae95e4d6ac77e292c3d,fe526af8-da0b-4a52-925c-e0e345537a7e,9.0,2018.0,Sydney
79cfb51a51fc093f66aac8e858afe2e14d4a1f20,7654260e-79f9-45c5-9663-d72027cf88f3,7.0,2017.0,Beijing
8c44c2d2b9966dfec1127ad8122176492b436a53,8dd74ddb-b539-4873-843e-f4b9e89ecb74,17.0,2008.0,Houston
e415b20462b51e31890411586dee4043d189f937,38e1b942-a62d-4d74-8e5d-677db6ed425f,3.0,2009.0,Abuja
8674494bd7a076286b905912d26d47f7501c4046,d9720b90-d60b-48bc-9df8-87a30b9a60dd,17.0,2017.0,Sao Paulo
15ca7adccf5cd4dc309cdcaa6328f4c429ead337,d9720b90-d60b-48bc-9df8-87a30b9a60dd,13.0,2016.0,London
325f4787a40c14518529a64332b801e6f53b22d7,c57e0966-f80c-4bbb-aadb-b6a0842e1390,7.0,2008.0,London
06f3e42c28fe87156c8be5188ff38fe9845df769,7654260e-79f9-45c5-9663-d72027cf88f3,8.0,2019.0,Abuja
32a69681c103807704f71b838454c7924ceec5ce,768b87bb-8a18-4d9c-a161-4d483c776bcf,9.0,2019.0,Chicago
66c268d2a74f863586788cc154ad2ec06aa075e7,7654260e-79f9-45c5-9663-d72027cf88f3,15.0,2019.0,Houston
9b925d8c60f53e929f2651c2ea24713f820d9feb,3f2626a8-9d78-42ca-9e0d-4b853b59cdcc,8.0,2010.0,Abuja
4901eaa5a3b8cca41e4bb664ef0446d6118bd87c,768b87bb-8a18-4d9c-a161-4d483c776bcf,13.0,2017.0,Berlin
c538865c619113cb82b54e74646c32a8cafd6063,d5cf5a9a-4326-4c15-94ca-f695f9423b3d,7.0,2017.0,Barcelona
35d81066cb1369acf4b6c5117fcbb862be2af350,1940eb2a-ba0e-4c54-a315-a1b1afdeb2bc,14.0,2009.0,Paris
3bb322718d64a34b91b29c8230c5978de5d7fb7a,768b87bb-8a18-4d9c-a161-4d483c776bcf,7.0,2018.0,Paris
e8b6b9f2d2bf0cf05630cf7076a065023540ccdc,768b87bb-8a18-4d9c-a161-4d483c776bcf,11.0,2020.0,Paris
5749a19135d2037412ce26ec52c4efc6a2a59d37,9448f839-459b-45f3-8573-5eff3f032334,9.0,2008.0,Houston
940dd2fa074ad97d5e8efa7e867b1f4460cfb8d5,3f2626a8-9d78-42ca-9e0d-4b853b59cdcc,8.0,2009.0,Sydney
79cf9462a583e1889781868cbf8c31e43b36dd2f,8e4e4cfa-2545-4975-9460-523109898f41,6.0,2019.0,Los Angeles
dbba66e9e70ebaa2cb536441c28bb0ffbb152b38,768b87bb-8a18-4d9c-a161-4d483c776bcf,8.0,2017.0,Abuja
e6b052f798b245c05fc73faf1673c8cf24bc6411,c6ced65d-fcf7-4e5f-bedd-01360247ebbe,13.0,2013.0,London
ffaaf30b1013352ebccf81d924f351863dbc2025,7654260e-79f9-45c5-9663-d72027cf88f3,17.0,2019.0,Tokyo
68b07bb990ee6c7fce28ea56c9a7808f607f0eac,6c6fcaa9-fd25-488b-8050-995227ac671c,2.0,2003.0,Abuja
30922a3953ff740486bfd01461cc1f0c5185c39c,28a83bf1-b6e5-416f-8c5a-fdc53e54f3a1,16.0,2009.0,Abuja
e5a54fc0e00369180d336687470b0dd6a1d19aa7,42ad1c65-dc2f-448c-bbbf-483b016441b3,16.0,2009.0,Beijing
b7dfca646ac61ec85c8e015828a05c77f2d7d22f,7654260e-79f9-45c5-9663-d72027cf88f3,16.0,2021.0,Barcelona
50711657ca793dc473e81f97958e2242c95741e2,966ed49f-abb2-4051-a7e7-c966d9426b85,14.0,2017.0,Sydney
fe6901f657ea8457cf30a5360916f2f14de58870,28a83bf1-b6e5-416f-8c5a-fdc53e54f3a1,20.0,2009.0,Paris
a4d0d6b6fce22162518f8b6a569c2c61e8d03da1,911e7332-8ea8-4e9d-bc20-5572a2523f92,10.0,2009.0,Paris
ff605ade239aa90caea65ef3f2447c8736a794b7,7f92b1d2-f2b3-454d-adbe-ff02c83fe404,17.0,2019.0,Chicago
c258394cf93a70f815dbfe863deb18082cfa799c,deedf64a-dd5c-4b33-b345-ff83bfb93d71,15.0,2015.0,Beijing
b42b1ba256783184f714cc27ececbfb52e247f34,7654260e-79f9-45c5-9663-d72027cf88f3,11.0,2019.0,Paris
484882d338cde1e07701f4a2208e3752b72f717f,9012153e-aed6-447e-bccf-4aaf6f4bf52f,18.0,2011.0,Beijing
dbdcabd0444ad50b68ee09e30f39b66e9068f5d2,d9720b90-d60b-48bc-9df8-87a30b9a60dd,18.0,2021.0,Berlin
1254306ab0e1c8e179d9f31b4b9ea0cef7398bd8,3f2626a8-9d78-42ca-9e0d-4b853b59cdcc,13.0,2018.0,Sao Paulo
ba8d37f2e98d70f917d0d3a49c387cef6867e65e,d9720b90-d60b-48bc-9df8-87a30b9a60dd,17.0,2016.0,Berlin
c7abade5be44b822475401008549271daa2f2009,7654260e-79f9-45c5-9663-d72027cf88f3,2.0,2019.0,Houston
2cd605106b88c85d7d8b865b1ef0f8c8293debf1,fc0a208c-acb7-47dc-a0d4-af8190e21d29,17.0,2021.0,Beijing
5a3e2899deed746f1513708f1f0f24a25f4a0750,768b87bb-8a18-4d9c-a161-4d483c776bcf,8.0,2017.0,Abuja
76cee11c6a9f1424f03571378a966c1417ff2935,d9720b90-d60b-48bc-9df8-87a30b9a60dd,20.0,2016.0,Beijing
e00b7576829fbd2bda40825d057eefcc5a74c506,7ed86435-f510-45fe-b582-c212782023aa,20.0,2007.0,Barcelona
a84906dbd4d6640f918d0b6ed2a7313dda0d55f1,768b87bb-8a18-4d9c-a161-4d483c776bcf,6.0,2019.0,Tokyo
18865de480ed9da8d67015f68458ce03cdbae40e,82901c74-dc2e-4d08-b633-637c7e209284,7.0,2009.0,London
ebd7e7e440d953948895acce35b388d599d47bb2,6c6fcaa9-fd25-488b-8050-995227ac671c,12.0,2007.0,Chicago
52afbe99de04878a5ac73a4adad4b1cedae8a6ce,167fa0ca-e88a-4ef7-a16f-bc66c457c806,12.0,2018.0,Sao Paulo
fdde9a63877db44c1b6a7f5cff5d47f01465e793,d9720b90-d60b-48bc-9df8-87a30b9a60dd,8.0,2019.0,Beijing
d997beefc0922d97202789d2ac307c55c2c52fba,768b87bb-8a18-4d9c-a161-4d483c776bcf,7.0,2016.0,Sydney
c6c779ee3b702a22d8704fad98f748c34b1cdcb1,fe526af8-da0b-4a52-925c-e0e345537a7e,8.0,2017.0,Sao Paulo
ba46ae9b310e5c2a3f31fedc308ffcf4ebd6ab06,deedf64a-dd5c-4b33-b345-ff83bfb93d71,3.0,2016.0,New York
4e1f37dbbde87067db80379a2bcec4fa9825ee5b,e29f3ae1-4574-4fd4-9f5b-498495cb7952,20.0,2009.0,Sao Paulo
8ca14e5107ab49aea72e884b033ea6fb13c1e547,acd15a6d-3248-41fb-8439-9a40aabe5608,6.0,2018.0,Sydney
c40b394ff3c657fd58d10dbbfbeabb24c869d96b,975e1529-a14b-436f-ad7e-a09d8eabc50d,10.0,2019.0,Sao Paulo
7961709c5b5e3289476f574a99b457756901102b,deedf64a-dd5c-4b33-b345-ff83bfb93d71,9.0,2016.0,New York
ece3b623232c90bb8a9021a3eb25223c4fde7069,d9720b90-d60b-48bc-9df8-87a30b9a60dd,10.0,2016.0,Abuja
e0c6abdbdecf04ffac65c440da77fb9d66bb474c,d9720b90-d60b-48bc-9df8-87a30b9a60dd,12.0,2019.0,New York
7d906f6632f8740b540ce4d710f53ab0f97cfd5b,6c6fcaa9-fd25-488b-8050-995227ac671c,1.0,2007.0,Beijing
e62ab6416643e49245f997b203f97e072e053016,73f7fe95-b68b-468f-b7ba-3013ca879e50,7.0,2009.0,Tokyo
4a843c7b126efb9e7bf654799c82a0cfadd463bf,3dbf084c-ef47-4b74-9919-047b40704538,19.0,2022.0,Paris
6f870f7f02a8c59c3e23f407f3ef00dd1dcf8fc4,fc0a208c-acb7-47dc-a0d4-af8190e21d29,12.0,2021.0,Beijing
a0d4b0fd59c2bfba02b79309d9c62ca64ee6d457,37275deb-3fcf-4d16-ae77-95db9899b1f3,8.0,2016.0,Beijing
bc40f994a8ac8870681b8d4b8fd8ed84e2ba77b9,98df1955-ca33-4769-bae4-e4dcfaa5e258,18.0,2009.0,Sao Paulo
0c6c30e3052fcc01aa5ee38252d77f75322d7b3f,deedf64a-dd5c-4b33-b345-ff83bfb93d71,18.0,2015.0,Berlin
e5e4ea8f08d3a52cc92b9dfe5622d116dbad6166,78a7fbcc-41c5-4258-b633-04b8637d4a9f,19.0,2019.0,London
7d39d69b23424446f0400ef603b2e3e22d0309d6,768b87bb-8a18-4d9c-a161-4d483c776bcf,7.0,2016.0,Abuja
eae1b4df7a8524a14f2c32a27e7038a8ab2b6091,b198f59e-0da6-4b35-b995-a02322b9dada,7.0,2008.0,Abuja
18a5f443299784479e78d9e77f175af57cb2fa2b,86c43745-31d9-4c1a-b33f-ce3aa0042dbb,14.0,2006.0,London
e2751a898867ce6687e08a5cc7bdb562e999b841,7654260e-79f9-45c5-9663-d72027cf88f3,9.0,2019.0,Berlin
a7ea80777175046c36431b131148c63f20443c49,0759e6b4-b007-4a19-b781-9244bc4b47da,16.0,2010.0,Paris
b8337665c72596062c70d5809a691f2f452134c2,da625a67-4bac-4737-81b6-af5459021b72,20.0,2009.0,Tokyo
31d896ca580640023baea9924e0c4bb57c2cb01b,b63861a6-ab0a-47a4-9f6c-accf03b5a180,7.0,2011.0,Chicago
c071fc4bb3b20175436b29caca0a65493fa0cdf0,9f9bc842-9346-455f-ab6c-604515d2a850,6.0,2013.0,Barcelona
726f9a27cb60df3d9a26c22dca41b10ecd63e661,d411469a-3c14-4333-839d-6deea91282f6,19.0,2018.0,Tokyo
d33949030c7be933ee83768e4dfa1ed387cdc12b,bdc2e585-4e48-4e36-8af1-6d859763d405,9.0,2018.0,Los Angeles
3c8a456509e6c0805354bd40a35e3f2dbf8069b1,d9720b90-d60b-48bc-9df8-87a30b9a60dd,8.0,2019.0,Beijing
40b36071bd553b9fda2ea26c6d4e057f37c0e7e7,768b87bb-8a18-4d9c-a161-4d483c776bcf,20.0,2020.0,Barcelona
3b11ed066ed30e5e235e9ef15cd3b8ada96d9899,3dbf084c-ef47-4b74-9919-047b40704538,1.0,2022.0,London
6400c36efdb8a66b401b6aef26c057227266fddd,d9720b90-d60b-48bc-9df8-87a30b9a60dd,15.0,2018.0,Paris
24622a6a8f1a77d62f9ca73caa8b3939b1295fb9,406d9f60-417a-4dc5-a6b7-1fe4689a4ff7,20.0,2009.0,Berlin
f0daa4b6f33751ff85fb36cd0583c6769a53e0ec,768b87bb-8a18-4d9c-a161-4d483c776bcf,9.0,2020.0,Tokyo
1c838ffc6c4b63a577c9cb3d8d86c8ba14915640,f2c85de5-7cfa-4b92-8714-a0fbdcf0274e,11.0,2018.0,Beijing
0c28623a7c77b804068a5c0b29543f10c669da75,a5c58053-0673-4cdb-b2b8-b6b0ad6911d1,10.0,2004.0,Tokyo
d2420d9ce64d101b28641660b4641c415fc7a6c9,939c6e1d-0d17-4d6e-8a82-66d960df0e40,5.0,2019.0,Los Angeles
eff74406f7b18d20aec40db7a97ee16bbadd3df2,167fa0ca-e88a-4ef7-a16f-bc66c457c806,14.0,2018.0,Sao Paulo
f0ff1e0739494fcbaeefc3e30038457ed606b1c4,bdc2e585-4e48-4e36-8af1-6d859763d405,2.0,2019.0,New York
0b7d3b78e23479c7b1e366ef81088aab8b5731f3,7654260e-79f9-45c5-9663-d72027cf88f3,3.0,2019.0,Beijing
8352e3ba20cb0fd48e2514bc1948e68108943e39,9448f839-459b-45f3-8573-5eff3f032334,19.0,2018.0,New York
1f3b03bc2f5a049fbcd4c7eab74066b562a6ab70,bdc2e585-4e48-4e36-8af1-6d859763d405,19.0,2018.0,Berlin
c802ceb7a9ff904220c48ee44ae9b671be6d6379,939c6e1d-0d17-4d6e-8a82-66d960df0e40,6.0,2019.0,London
2873601bd02fcc8b91e70293a78457863adfe714,123978fb-38e5-4782-b169-3a4bf85fc7cc,19.0,2014.0,Sydney
ca19cea3e170cf2b84fe601b3ae4e1ff3f0df4fe,a8f26d13-e373-4e48-b57b-ef89bf48f4db,16.0,2018.0,Barcelona
3849f7c699dce0d70c7002e0e82005a0b712df58,768b87bb-8a18-4d9c-a161-4d483c776bcf,19.0,2020.0,Sydney
fe3e55e6b6db8c127e5931e089b74982fd307964,768b87bb-8a18-4d9c-a161-4d483c776bcf,17.0,2021.0,Sydney
be43f293cf389d2f1dd81c835d9e78c5b09ee4aa,9448f839-459b-45f3-8573-5eff3f032334,12.0,2008.0,Chicago
b131da79e874fc610b87cda26d3dcf3a13352dd6,809f6dd1-7dd8-4d79-a46d-4726c3a67128,2.0,2008.0,Paris
255ba5fa2861f8cf097e5bd0f93fdfd95a7a0444,74e6c5a5-321b-4cb0-b592-5ec327daa5ab,6.0,2005.0,New York
b6112124ff22b6f7e9a23b862a5d9a8f1f1ff742,167fa0ca-e88a-4ef7-a16f-bc66c457c806,14.0,2020.0,Abuja
e0eecfcd233bb0c32ec21fec18bcd7c66885eb3e,939c6e1d-0d17-4d6e-8a82-66d960df0e40,20.0,2019.0,New York
bbe630072113109bc035ee7d81c09d861a466119,0942fb86-c16f-4084-9902-10ddcfe18180,10.0,2016.0,Abuja
c41a89d744afcdc91cc7b9f05d2abb438ed200c1,167fa0ca-e88a-4ef7-a16f-bc66c457c806,13.0,2020.0,London
5c126ae3421f05768d8edd97ecd44b1364e2c99a,d9720b90-d60b-48bc-9df8-87a30b9a60dd,11.0,2020.0,Berlin
aa98c7819826f262ef3f48c0d7dd349dd510ebdb,43893b55-fde6-4e2b-9d2e-c15a669a1f94,11.0,2009.0,Tokyo
41d08fb733f3e50ac183490f84d6377dffccf350,768b87bb-8a18-4d9c-a161-4d483c776bcf,4.0,2016.0,New York
511ff60d4aa5ab2660552f02ee85692425912b46,768b87bb-8a18-4d9c-a161-4d483c776bcf,12.0,2016.0,Barcelona
0f7dd6bcaf4c2a64b3a51b7351929dab23584ea8,41929b26-d887-42cf-97f1-1217a0a9e315,13.0,2010.0,Chicago
d8ba2965be9cc93439c5bb52961b504c39f16e80,768b87bb-8a18-4d9c-a161-4d483c776bcf,15.0,2019.0,Berlin
2519e985fb4339207d2d0aa83240d5fe4f056332,41929b26-d887-42cf-97f1-1217a0a9e315,11.0,2007.0,Tokyo
b0d99d995b841f32590fcfde1d17a12a60c81584,86c43745-31d9-4c1a-b33f-ce3aa0042dbb,1.0,2018.0,Houston
6351ebb4a3287f5f3e1273464b3b91e5df5a16d7,768b87bb-8a18-4d9c-a161-4d483c776bcf,16.0,2021.0,London
449310e3538b08b43227d660227dfd2875c3c3c1,d9720b90-d60b-48bc-9df8-87a30b9a60dd,16.0,2018.0,Barcelona
bbb606d78d379262c85c4615cb5d9c191cd2e3bf,9448f839-459b-45f3-8573-5eff3f032334,11.0,2018.0,Los Angeles
7d6f39f24e9b0a15f3690dae5a00baf8a88180e7,df1eaf0d-ad97-42c4-b74d-8282963e44f5,4.0,2010.0,Los Angeles
e0b380e71c4541b2ecc2c8b94a3f2b0035330891,5552b3d9-73b0-435f-8515-a135f23fcbba,13.0,2009.0,Barcelona
510d98681e5e85fb1265513728f16e2543ae1b4b,bdc2e585-4e48-4e36-8af1-6d859763d405,3.0,2018.0,Barcelona
10c6eddfff30567d8b06475422a60920f3c84857,d9720b90-d60b-48bc-9df8-87a30b9a60dd,11.0,2018.0,Abuja
9cfe79734c25c80aa210847320298d3618445e20,60c9a57f-2d17-4c7c-a0de-8e673a1a109a,4.0,2013.0,Sydney
f8282ea7df17d32b7fd39ca94d02194ec2c83c5f,d8ec66ab-0083-4a4d-bf44-ce85d2daad69,16.0,2009.0,Sydney
74e2c932d85fe166e158fb8ce3104d559e3af095,d5c438cd-5c61-4aab-bbd2-fb7017697e90,12.0,2013.0,Houston
85d9aff092d860aebf8ea5aa255b06de25a1930e,167fa0ca-e88a-4ef7-a16f-bc66c457c806,3.0,2018.0,Tokyo
a9afcb2f2759b572a1d2a2db42410fd5a8ce2223,27235614-bd3e-4d6b-be38-5ede18f4e209,11.0,2019.0,Beijing
119bb19d6a6fc34eaf4e517d0acc102a7cbb4d65,7654260e-79f9-45c5-9663-d72027cf88f3,20.0,2019.0,Barcelona
b04c9e851ae605592d693aa65f0d753b8af08feb,d4610af5-85e0-480b-8773-5c71d92a7b99,12.0,2016.0,Tokyo
861e677983965847b5213dc11d01a584fd92ac06,86c43745-31d9-4c1a-b33f-ce3aa0042dbb,13.0,2008.0,New York
88c52b1ef876baf0eadfbd4aa792e8e3b861564f,5552b3d9-73b0-435f-8515-a135f23fcbba,8.0,2013.0,Los Angeles
da09eaa1412aaf0a62622f01f50e2e801a3b4c52,3f2626a8-9d78-42ca-9e0d-4b853b59cdcc,19.0,2016.0,Houston
1a39bb2caa151d15efd6718f3a80d9f4bff95af2,768b87bb-8a18-4d9c-a161-4d483c776bcf,3.0,2017.0,Abuja
8e4d635ab9620340128f96ae889bdb570bd5fef0,fbfbf10a-faa4-4d2a-85be-3ac660454ce3,19.0,2021.0,Sydney
497591fed66f38f1cc00f160858d229d3e810ff2,ed2921d1-8132-4e3d-bdd9-60eb0338de5c,12.0,2013.0,Chicago
8afa6dd9f9ac46462a1fb70a757c4ae1cd45bbf6,939c6e1d-0d17-4d6e-8a82-66d960df0e40,13.0,2018.0,London
f01fc309b315b86c9ca66d01bae7699ba474bcea,82901c74-dc2e-4d08-b633-637c7e209284,17.0,2009.0,Tokyo
ceb2ebef0b41e31c1a21b28c2734123900c005e2,768b87bb-8a18-4d9c-a161-4d483c776bcf,18.0,2018.0,Sao Paulo
cdc8ecdb79c24b44b3fc5296a18d937a68faf2a6,f1578ab7-fdcf-45fe-85bc-8cde8d58b357,17.0,2008.0,Paris
4ebf5a9c35f40d3343a2376d0b75d8d7a3126d8d,7654260e-79f9-45c5-9663-d72027cf88f3,1.0,2017.0,New York
e9d573b0a7f72883c76a8457c6fc62cec69769d1,3dbf084c-ef47-4b74-9919-047b40704538,9.0,2023.0,Berlin
f7eeb43588181f402df66b8018442a1206f84451,4c2b8cb8-e51c-4ece-9122-89595989b56f,4.0,2021.0,Paris
88778410c78c420baa9e9b1a60cc99e9b3a24fed,87fc9c3c-cc7f-42aa-ba71-2700729a6788,17.0,2022.0,London
f092a9b51ccaddc64064585e077683a1067dc90e,1c2ab05c-7d69-465e-929d-0920857aedce,1.0,2024.0,New York
7079280c437b99b2cd8608f9f84dd77815e32425,3dbf084c-ef47-4b74-9919-047b40704538,12.0,2023.0,Los Angeles
edba974a20d51bf29d76e84ef91bea76caf6fce1,fe4d09f8-d278-4bfb-b73a-1a6a0e22f6a3,12.0,2021.0,Tokyo
b2d2926d96cab3c086fcd18e37a1eab3c358fac2,0bddd5d7-2897-495a-a961-465abe6e04de,18.0,2021.0,Barcelona
dc9efb059e97be1d50ad37e97496ed74c0f43070,bce97c16-ce21-4e56-ab0e-0060085c0d85,17.0,2019.0,Los Angeles
d78a2e6155fc9afd927850ca2d58f7b790a470dd,1e33b3be-b2ab-46e9-96e8-d4eb4bad6e44,15.0,2023.0,Chicago
da1bf7430a2cf3ee04576159c14d2e0b79f80ff4,c2c2a41a-3e77-4316-be80-b0e1e359eafd,20.0,2021.0,Berlin
8e84cc8967f49a3067abeb01385a6c48c146b6a5,bc5a5118-8f5c-49c7-806e-fb8d44c10ae7,9.0,2019.0,Paris
0c2b7130b433c4f7b5bb64479756d3c5adebfba6,40d86af2-d3d2-4bcf-881d-2891e0ffc9cf,19.0,2023.0,London
5e67661e32798c4a11d12542b06e88bcbd6ef62b,9c119da6-ab17-4403-854e-786882dbf352,1.0,2020.0,London
6296aa7cab06eaf058f7291040b320b5a83c0091,47c47088-7640-441b-85ba-375fe8f5c3a4,20.0,2021.0,Chicago
ed087b19cb55a30f095b751d71adc3eb384f5b7a,5f9127e9-2d7b-4a9c-b0c6-fd3cb456d431,6.0,2023.0,Tokyo
7b85a5c5c7586c2fd9228fa5255e8e8b075e3f97,99e7c820-557f-47b2-80c8-1dd5c2fcbb55,3.0,2023.0,Tokyo
93a5d21d2ee12c11bf3f8331c49824a730543045,3dbf084c-ef47-4b74-9919-047b40704538,11.0,2023.0,Beijing
891275fefc1e09f7199f4ae5c392bea1437f5f38,3dbf084c-ef47-4b74-9919-047b40704538,6.0,2023.0,Beijing
87f40e6f3022adbc1f1905e3e506abad05a9964f,d9720b90-d60b-48bc-9df8-87a30b9a60dd,10.0,2013.0,New York
b6a3555a960a448ba6d9b4aa9c02038982e3d3e1,3dbf084c-ef47-4b74-9919-047b40704538,12.0,2024.0,Sydney
c0460c348a1949094fc294411614a5007afd84e9,bdc2e585-4e48-4e36-8af1-6d859763d405,9.0,2020.0,Barcelona
7b82c5b3e456a8228f6badd77fa29e1b4b0f6ad2,66c268f7-ba60-443f-919d-e2c297910401,10.0,2022.0,Abuja
4177ec52d1b80ed57f2e72b0f9a42365f1a8598d,0d6f7fba-7092-46b3-8039-93458dba736b,12.0,2013.0,Berlin
f5a7da72496e2ca8edcd9f9123773012c010cfc6,01103732-3808-4930-b8e4-7e9e68d5c68d,8.0,2016.0,Beijing
03a9b1456b21a61ab0429ea5896fffad6a6646ea,40d86af2-d3d2-4bcf-881d-2891e0ffc9cf,12.0,2023.0,Barcelona
7a9dfd61a7002295b4a474c039d0b93dba75f1fb,6be078fe-e448-4123-8096-25493e7a2502,18.0,2023.0,Beijing
a2dbe6f50b26b251b4f6f9c0d9870074e47cac01,6be078fe-e448-4123-8096-25493e7a2502,17.0,2020.0,Berlin
da40866c64b7ec3408f87542c8726284fdbd854c,8fed6a83-b08e-4ee7-933b-b819a375960f,19.0,2022.0,Los Angeles
a5fd49b48cec62798199cde74487ece72388f04a,3dbf084c-ef47-4b74-9919-047b40704538,10.0,2023.0,Sydney
d52d05c98f835995817b21ae7f1bac9ae887135f,3dbf084c-ef47-4b74-9919-047b40704538,2.0,2023.0,Sydney
f9058d3ff45bffe357a21461ac3970e852145018,87fc9c3c-cc7f-42aa-ba71-2700729a6788,17.0,2023.0,London
ee7eee36354d636258cc051b9b0b45fe60619a6b,47c47088-7640-441b-85ba-375fe8f5c3a4,8.0,2023.0,Paris
f404086bf5880f7735fd710d83620bff3fc69437,3dbf084c-ef47-4b74-9919-047b40704538,9.0,2024.0,Beijing
ba74cce1724ec7635ee7943dcb6f921c5765d2dc,1e33b3be-b2ab-46e9-96e8-d4eb4bad6e44,9.0,2024.0,Sydney
c4b240aad03b5bfbd4fde21cc9990a8530aa34e2,022430e1-ff7e-4441-8457-affe82b3bd65,4.0,2020.0,London
9c5726e96a269bb2c72491b23c6619a8f2788b65,0dc0e794-53db-401d-bd8f-8da9165b2865,20.0,2023.0,Tokyo
cbf8fcfaf98affd6e7743a8ee369d8cf3a8811cc,0bddd5d7-2897-495a-a961-465abe6e04de,11.0,2024.0,Tokyo
2a9fbca9dc6badbeedc591ad829c5c6e0f950fd6,d9720b90-d60b-48bc-9df8-87a30b9a60dd,14.0,2020.0,Chicago
36eff562f65125511b5dfab68ce7f7a943c27478,939c6e1d-0d17-4d6e-8a82-66d960df0e40,13.0,2016.0,Tokyo
d18b48f77eb5c517a6d2c1fa434d2952a1b0a825,d9720b90-d60b-48bc-9df8-87a30b9a60dd,13.0,2018.0,New York
492f57ee9ceb61fb5a47ad7aebfec1121887a175,939c6e1d-0d17-4d6e-8a82-66d960df0e40,10.0,2015.0,Sao Paulo
1d81e7f428fea2b2e15ee3a96fe843ca603acc4c,fc0a208c-acb7-47dc-a0d4-af8190e21d29,3.0,2020.0,Paris
b8d9b10cf54629364523ec065e6307ab87f7d4f0,3dbf084c-ef47-4b74-9919-047b40704538,9.0,2022.0,London
fae129338c0899576524506008427f64477d3967,67f7f831-711a-43c8-8785-1e09005359b5,18.0,2019.0,Chicago
cd8a9914d50b0ac63315872530274d158d6aff09,c7bde2ee-6ad5-49c7-9498-a01e46c162eb,4.0,2017.0,Houston
597bd2e45427563cdf025e53a3239006aa364cfc,d9720b90-d60b-48bc-9df8-87a30b9a60dd,7.0,2020.0,Sao Paulo
c5f5f179d80a3bf9b4f29750283a87eaca42e91b,8dce23a9-44e0-4381-a39e-2acc1edff700,4.0,2019.0,Beijing
3024f58826a5bce3378af94f677e8fb90cbb49e0,8dce23a9-44e0-4381-a39e-2acc1edff700,5.0,2020.0,Los Angeles
72edcb3788f9c141a3ed28e6d36f75ca4977d27e,67f7f831-711a-43c8-8785-1e09005359b5,16.0,2017.0,Los Angeles
2a3f862199883ceff5e3c74126f0c80770653e05,bdc2e585-4e48-4e36-8af1-6d859763d405,8.0,2014.0,Barcelona
789a7069d1a2d02d784e4821685b216cc63e6ec8,939c6e1d-0d17-4d6e-8a82-66d960df0e40,16.0,2019.0,Houston
de02ec03f6a71246e505862a7195894601fbab99,a0edb93b-1e95-4128-a295-6b1659149cef,9.0,2019.0,Abuja
f412bb31ec9ef8bbef70eefc7ffd04420c1365d9,d9720b90-d60b-48bc-9df8-87a30b9a60dd,10.0,2006.0,London
00b7efbf14a54cced4b9f19e663b70ffbd01324b,e07422f9-c065-40c3-a37b-75e98dce79fe,11.0,2019.0,Los Angeles
26aa6fe2028b5eefbaa40ab54ef725bbbe7d9810,bdc2e585-4e48-4e36-8af1-6d859763d405,5.0,2016.0,Sao Paulo
6c96c2d4a3fbd572fef2d59cb856521ee1746789,a0edb93b-1e95-4128-a295-6b1659149cef,1.0,2018.0,London
994afdf0db0cb0456f4f76468380822c2f532726,bdc2e585-4e48-4e36-8af1-6d859763d405,2.0,2015.0,Paris
8f096071a09701012c9c279aee2a88143a295935,939c6e1d-0d17-4d6e-8a82-66d960df0e40,1.0,2018.0,Sydney
62ed9bf1d83c8db1f9cbf92ea2f57ea90ef683d9,939c6e1d-0d17-4d6e-8a82-66d960df0e40,14.0,2018.0,Sao Paulo
7e71eedb078181873a56f2adcfef9dddaeb95602,fc0a208c-acb7-47dc-a0d4-af8190e21d29,15.0,2019.0,Chicago
36652428740cd30d245d55889f01a7fb04a91c93,bdc2e585-4e48-4e36-8af1-6d859763d405,19.0,2018.0,Sydney
967a21a111757d6af7f7a25ca7ea2bdf6d505098,939c6e1d-0d17-4d6e-8a82-66d960df0e40,19.0,2018.0,New York
9697d32ed0a16da167f2bdba05ef96d0da066eb5,bdc2e585-4e48-4e36-8af1-6d859763d405,19.0,2017.0,Tokyo
8ea9cb53779a8c1bb0e53764f88669bd7edf38f0,fc0a208c-acb7-47dc-a0d4-af8190e21d29,9.0,2021.0,New York
05c4eb154ad9512a69569c18d68bc4428ee8bb83,a0edb93b-1e95-4128-a295-6b1659149cef,7.0,2019.0,Paris
e9842f649578886801a3b4ce40a89b9125f51daf,3cc27fc0-199e-40a9-b9fa-7f881272eb01,18.0,2018.0,Los Angeles
aaf046c4da99ee6184f3fd31961a9967272152f9,d9720b90-d60b-48bc-9df8-87a30b9a60dd,13.0,2017.0,Chicago
4cc80844af0a9f72ef94283869504b995c122ab3,3779a5a7-9119-4f69-84fe-f7eef193eb49,12.0,2014.0,Los Angeles
1f3c381eedfe8914b81e93070bfdb00cf86ac943,fc0a208c-acb7-47dc-a0d4-af8190e21d29,19.0,2020.0,Chicago
7bf34d65eec494a0b758f4ab3f58db8a89815e1f,1e33b3be-b2ab-46e9-96e8-d4eb4bad6e44,12.0,2017.0,Abuja
5098df13be6d1f2a31c9fbf85703336ef77a9665,939c6e1d-0d17-4d6e-8a82-66d960df0e40,7.0,2019.0,Houston
18b47b83a373f33d6b902a3615f42c10f7600d72,d9720b90-d60b-48bc-9df8-87a30b9a60dd,11.0,2015.0,Tokyo
91fb815361fdbf80ff15ce4d783a41846bd99232,a0edb93b-1e95-4128-a295-6b1659149cef,7.0,2020.0,Beijing
4f847b4ddc105d73bc78f3e7220e6c1f71a7dfb6,d9720b90-d60b-48bc-9df8-87a30b9a60dd,4.0,2005.0,Tokyo
839c4dd710ae7a234424aeda2f1423e0ce61bd5e,bdc2e585-4e48-4e36-8af1-6d859763d405,18.0,2018.0,Chicago
04cc04457e09e17897f9256c86b45b92d70a401f,d9720b90-d60b-48bc-9df8-87a30b9a60dd,8.0,2012.0,Paris
abb33d75dc297993fcc3fb75e0f4498f413eb4f6,939c6e1d-0d17-4d6e-8a82-66d960df0e40,6.0,2015.0,Tokyo
54667e6bc8b370b41ffdc3310fa9b3e664e0cc94,67f7f831-711a-43c8-8785-1e09005359b5,12.0,2020.0,Sydney
c4366c9e70de60d9ce4365422189f4eb470e4d92,919a5844-0942-4d5d-b6e6-db0225a1ccbf,13.0,2017.0,Chicago
007112213ece771be72cbecfd59f048209facabd,d9720b90-d60b-48bc-9df8-87a30b9a60dd,7.0,2017.0,Sao Paulo
2a6d160b529272964ce1a6707adf52f3d6ba4861,d9720b90-d60b-48bc-9df8-87a30b9a60dd,20.0,2019.0,New York
e9287b896a1c7360567915c3932b8df1ee4a81f7,1e33b3be-b2ab-46e9-96e8-d4eb4bad6e44,16.0,2017.0,Abuja
5889e9afbcc3935867f9ae16fe46c71b9f2b071f,d9720b90-d60b-48bc-9df8-87a30b9a60dd,12.0,2017.0,Beijing
9653d5c2c7844347343d073bbedd96e05d52f69b,d9720b90-d60b-48bc-9df8-87a30b9a60dd,17.0,2015.0,London
fff114cbba4f3ba900f33da574283e3de7f26c83,a0edb93b-1e95-4128-a295-6b1659149cef,11.0,2014.0,Tokyo
ccb7ad8ea38991798172c33aee83f4d68a45d376,167fa0ca-e88a-4ef7-a16f-bc66c457c806,7.0,2018.0,Sao Paulo
0933564925aee8e761db53657033182f65a46735,ea38228f-6ed3-4222-a3ce-d963d8cc9516,20.0,2019.0,Barcelona
563ca4cda06665f4b90f8fce9bcb28c02e6872b9,fc0a208c-acb7-47dc-a0d4-af8190e21d29,7.0,2020.0,Sao Paulo
cd991591640fd5cf1cfb58027a9872184450b685,a0edb93b-1e95-4128-a295-6b1659149cef,6.0,2022.0,New York
5d1bfeed240709725c78bc72ea40e55410b373dc,d9720b90-d60b-48bc-9df8-87a30b9a60dd,11.0,2015.0,Los Angeles
d8b96b98cd36bcbc94b0ffd4049305d62fbee7ea,a0edb93b-1e95-4128-a295-6b1659149cef,1.0,2018.0,Sydney
9d9d33843d018a77bad7f40da8f27671d29cd776,7431ff67-91dc-41fa-b322-1b1ca657025f,9.0,2017.0,Tokyo
ddab225c61734c8f620704e9be8915c93cb39fa1,68cf0e99-5164-4480-8ed4-8b8416a091df,12.0,2013.0,Sao Paulo
b8da4337c92acda632e8138be1b525a3aef54b85,7431ff67-91dc-41fa-b322-1b1ca657025f,13.0,2018.0,London
6667a57c8ffa3f3c0d724b1e8e986758995df2b8,939c6e1d-0d17-4d6e-8a82-66d960df0e40,2.0,2021.0,Barcelona
5b636d61b978860c914e999d7ff242f97df08b11,660fae11-5025-4d24-a074-9abddd1549b5,10.0,2009.0,Beijing
a0c8080df526ebe6118d601e81fdef41965959dc,bdc2e585-4e48-4e36-8af1-6d859763d405,17.0,2018.0,London
c00ca876af5af23a6fc1ce9bcdc8ce0a31663a42,a0edb93b-1e95-4128-a295-6b1659149cef,3.0,2019.0,Chicago
50de83b8a00f448b3e344701a60dfdcfd84881f4,01103732-3808-4930-b8e4-7e9e68d5c68d,4.0,2016.0,New York
1fd404adf8c18a1cfc5e15efc84ae1b53cd9c8e0,a45e99db-b6f6-4042-8b23-e8c11867e01c,19.0,1971.0,Beijing
a6a735f8e218f772e5b9dac411fa4abea87fdb9c,61275a16-1e0d-479f-ac4e-f295310761f0,11.0,2018.0,Beijing
ca064483ce24c92b738a16a33d4eeb4541bdd9f6,8dce23a9-44e0-4381-a39e-2acc1edff700,11.0,2019.0,Tokyo
6a86696974d5d49b4b9be6bd10ffcf92f996f4db,8dce23a9-44e0-4381-a39e-2acc1edff700,11.0,2016.0,Houston
ac225094aab9e7b629bc5b3343e026dea0200c70,939c6e1d-0d17-4d6e-8a82-66d960df0e40,17.0,2018.0,Tokyo
c751ab01aedc2888a7fe6e8b4f77ab1afa94072f,d9720b90-d60b-48bc-9df8-87a30b9a60dd,1.0,2017.0,Paris
c1040296c9aa7a5c5651749f0e98ba768fe4e68b,768b87bb-8a18-4d9c-a161-4d483c776bcf,9.0,2020.0,Los Angeles
c41eb895616e453dcba1a70c9b942c5063cc656c,d9720b90-d60b-48bc-9df8-87a30b9a60dd,10.0,2016.0,Los Angeles
43879cf527f4918955fd55128baa6745174d8555,fc0a208c-acb7-47dc-a0d4-af8190e21d29,6.0,2018.0,Barcelona
facf11419e149a03bd4a9bffdda2ebb433a59d85,939c6e1d-0d17-4d6e-8a82-66d960df0e40,15.0,2022.0,London
452059171226626718eb677358836328f884298e,fc0a208c-acb7-47dc-a0d4-af8190e21d29,19.0,2015.0,Los Angeles
acc43abe319bca7652a91f7d4ca6187049fb82e4,fc0a208c-acb7-47dc-a0d4-af8190e21d29,3.0,2018.0,Barcelona
5863d7b35ea317c19f707376978ef1cc53e3534c,d9720b90-d60b-48bc-9df8-87a30b9a60dd,20.0,2021.0,Chicago
e24cdf73b3e7e590c2fe5ecac9ae8aa983801367,fc0a208c-acb7-47dc-a0d4-af8190e21d29,13.0,2017.0,Sao Paulo
bd345877856dc83c2c10c125dbf0f41e2bde38b1,67f7f831-711a-43c8-8785-1e09005359b5,20.0,2016.0,Chicago
1f4a4769e4d2fb846e59c2f185e0377190739f18,bdc2e585-4e48-4e36-8af1-6d859763d405,9.0,2011.0,Sydney
c4fd9c86b2b41df51a6fe212406dda81b1997fd4,01103732-3808-4930-b8e4-7e9e68d5c68d,5.0,2013.0,New York
2ca1abd015c72e7c04d63fa653b0a27d9592fc02,8dce23a9-44e0-4381-a39e-2acc1edff700,20.0,2020.0,Chicago
015395cd36b17f30050c8f2449db669de172200c,67f7f831-711a-43c8-8785-1e09005359b5,10.0,2018.0,Beijing
04f3203f1214063436d81ce0c2ad7623204da488,939c6e1d-0d17-4d6e-8a82-66d960df0e40,8.0,2020.0,Sao Paulo
dc89b23a629b05017f71bbd68235cf8e7e6e7de5,d9720b90-d60b-48bc-9df8-87a30b9a60dd,15.0,2018.0,Beijing
127af6effc74f073ac2442f6d82c944f562e2c0f,bdc2e585-4e48-4e36-8af1-6d859763d405,6.0,2018.0,Barcelona
5822490cf59df7f7ccb92b8901f244850b867a66,7431ff67-91dc-41fa-b322-1b1ca657025f,18.0,2021.0,Barcelona
dcdf7774ee9b2de1ec307f2a53e3f44036dff6a1,a0edb93b-1e95-4128-a295-6b1659149cef,16.0,2018.0,Houston
2582ab7c70c9e7fcb84545944eba8f3a7f253248,d9720b90-d60b-48bc-9df8-87a30b9a60dd,11.0,2013.0,Sydney
ace1059fd85bbb8b41874a47a029bba7899124a5,d9720b90-d60b-48bc-9df8-87a30b9a60dd,15.0,2017.0,Chicago
ed8f6a72bd8903078cfaef866ca7d71e12c5b8f1,e4f51561-5050-4b9c-87c2-c49957677fbf,8.0,2007.0,Chicago
4ce9c20642dce5eb7930966053a1e3da4ef617f2,939c6e1d-0d17-4d6e-8a82-66d960df0e40,2.0,2019.0,Sydney
7d4dcee4628745f79f5e352859172817fece3e83,a0edb93b-1e95-4128-a295-6b1659149cef,2.0,2020.0,Abuja
2c03df8b48bf3fa39054345bafabfeff15bfd11d,768b87bb-8a18-4d9c-a161-4d483c776bcf,12.0,2015.0,New York
307c5103c9ecbfc7f11f120d8ab9f33b24c6c650,67f7f831-711a-43c8-8785-1e09005359b5,15.0,2019.0,Paris
51a2bc2e8fb8ed47a085df33dd965e57335080a0,bdc2e585-4e48-4e36-8af1-6d859763d405,1.0,2018.0,Houston
aa5741c74b7fac10680c1cfbdd49d9ffb5751a68,fc0a208c-acb7-47dc-a0d4-af8190e21d29,5.0,2019.0,Los Angeles
41071dbbbcbb27af3fec70de045f19c28535f5b7,768b87bb-8a18-4d9c-a161-4d483c776bcf,4.0,2018.0,Sydney
a18ad95991db3f735d105ccc5caa246cd6b37d1b,7bb54772-a70c-44df-9b9d-9f3b5354c0e2,8.0,2016.0,Sao Paulo
0834e74304b547c9354b6d7da6fa78ef47a48fa8,e07422f9-c065-40c3-a37b-75e98dce79fe,5.0,2015.0,London
6b1793ece5993523855ce67c646de408318d1b12,bc5a5118-8f5c-49c7-806e-fb8d44c10ae7,10.0,2016.0,Berlin
b7b951e0eee7b1ce913fbf99f2b497491054b8ee,36e4bc17-266a-4715-9b27-2be27e1e994e,11.0,2020.0,New York
c567fbea2f82a3133159ccf1cc8176b0aec29318,7bb54772-a70c-44df-9b9d-9f3b5354c0e2,9.0,2007.0,Beijing
2335a95bfed617953675b5227cc881707746f53b,e07422f9-c065-40c3-a37b-75e98dce79fe,14.0,2019.0,Sao Paulo
990334cf76845e2da64d3baa10b0a671e433d4b6,bdc2e585-4e48-4e36-8af1-6d859763d405,13.0,2017.0,Paris
6075091294a0fe0fe5c6c7b7a0df9029b6a965cb,d9720b90-d60b-48bc-9df8-87a30b9a60dd,7.0,2020.0,Abuja
eb984b142db9965b10a3b5ae5813eeb3e0f6e676,939c6e1d-0d17-4d6e-8a82-66d960df0e40,12.0,2022.0,Paris
4600f2b2a143b7bcdf5dae83e456649deb1908de,efa3ff7a-4d96-44a1-a022-a683408919b6,12.0,2016.0,Sao Paulo
b30481dd5467a187b7e1a5a2dd326d97cafd95ac,e07422f9-c065-40c3-a37b-75e98dce79fe,18.0,2017.0,Berlin
639206a9a32d91386924f1c94e9760dfb43df72e,a0edb93b-1e95-4128-a295-6b1659149cef,9.0,2020.0,Sao Paulo
74606b052a17dd425bcc6cd1d05db153633c742a,d9720b90-d60b-48bc-9df8-87a30b9a60dd,10.0,2016.0,Sydney
cddf8a10c7f48df67a797808a615be0d4acf9a8e,d9720b90-d60b-48bc-9df8-87a30b9a60dd,3.0,2015.0,Sao Paulo
48d5588afd24c7a12ae54d6ef13008ee3b7a0e8c,d9720b90-d60b-48bc-9df8-87a30b9a60dd,12.0,2019.0,Barcelona
0ca7d8c3250d43d14fdde46bf6fc299654d861ef,e07422f9-c065-40c3-a37b-75e98dce79fe,18.0,2020.0,Sydney
d0f1809dc696134fb8fb2a3ff5a982eeacdc7127,f51ff783-cdff-4e22-94fb-28e6336d17b3,3.0,2018.0,Sydney
24a473700894dbfab0bfd9dc3d542acfeef66bca,7431ff67-91dc-41fa-b322-1b1ca657025f,1.0,2019.0,Sao Paulo
50d53cc562225549457cbc782546bfbe1ac6f0cf,d9720b90-d60b-48bc-9df8-87a30b9a60dd,14.0,2013.0,Tokyo
6c44f8e62d824bcda4f291c679a5518bbd4225f6,a0edb93b-1e95-4128-a295-6b1659149cef,10.0,2018.0,Berlin
adc17f3e150555dcebb59bd29f4fce73176e2e12,01103732-3808-4930-b8e4-7e9e68d5c68d,16.0,2015.0,Barcelona
0811597b0851b7ebe21aadce7cb4daac4664b44f,fc0a208c-acb7-47dc-a0d4-af8190e21d29,12.0,2016.0,Los Angeles
cfca1faca73f5c310ff669f27024b3182d5731e3,1e33b3be-b2ab-46e9-96e8-d4eb4bad6e44,13.0,2019.0,Barcelona
e51e557cf4701510916bb1444074f62e6a04f889,fc0a208c-acb7-47dc-a0d4-af8190e21d29,14.0,2018.0,Tokyo
2cefe5adb11295b830ce27176c6d84b66fb20c2c,41bf9ed3-85b3-4c90-b015-150e31690253,3.0,2016.0,Tokyo
4aa8e316bc1c5959537517ed16b4bf81b4bd73ed,939c6e1d-0d17-4d6e-8a82-66d960df0e40,13.0,2018.0,Berlin
2426098c33ad0f897f29725b2b7bf02fa8e128e7,914d4734-285a-4cd8-bba1-eec0db26a512,16.0,2017.0,Beijing
0a69c8815536a657668e089e3281ff2e963d947a,d9720b90-d60b-48bc-9df8-87a30b9a60dd,13.0,2020.0,London
e15d062ef07abab8fae65244f64ccd2aac8d2b94,fc0a208c-acb7-47dc-a0d4-af8190e21d29,2.0,2017.0,Paris
e4715a13f6364b1c81e64f247651c3d9e80b6808,d9720b90-d60b-48bc-9df8-87a30b9a60dd,5.0,2018.0,Houston
c9538e13bd2a0e33948feb1fce2c56c0bc0eb5d9,bdc2e585-4e48-4e36-8af1-6d859763d405,17.0,2016.0,Sao Paulo
36ee2c8bd605afd48035d15fdc6b8c8842363376,a0edb93b-1e95-4128-a295-6b1659149cef,2.0,2016.0,Sao Paulo
43428880d75b3a14257c3ee9bda054e61eb869c0,fc0a208c-acb7-47dc-a0d4-af8190e21d29,15.0,2017.0,London
cd89cc9a83ac2dd0639d7b452de1f9540271f274,8dce23a9-44e0-4381-a39e-2acc1edff700,20.0,2019.0,Barcelona
961073143d3cfe662e9e820d24c0a88f0ae94c83,939c6e1d-0d17-4d6e-8a82-66d960df0e40,4.0,2015.0,Los Angeles
97f7ef7a5332218e0e9ce75ad5cf77048466ca83,bdc2e585-4e48-4e36-8af1-6d859763d405,5.0,2016.0,Chicago
296e32a86e1711269289004b140f6d3e0f250348,fc0a208c-acb7-47dc-a0d4-af8190e21d29,8.0,2020.0,Berlin
af3825437b627db1a99f946f7aa773ba8b03befd,939c6e1d-0d17-4d6e-8a82-66d960df0e40,16.0,2018.0,Houston
0e2fdbfd7b4699743010ddf2aa52b8aedf1d496d,167fa0ca-e88a-4ef7-a16f-bc66c457c806,14.0,1998.0,Berlin
83040001210751239553269727b9ea53e152af71,6c3a9833-5fac-49d3-b7e7-64910bd40b4e,9.0,2018.0,Berlin
ea9d2a2b4ce11aaf85136840c65f3bc9c03ab649,2d136b11-c2b5-484b-b008-7f4a852fd61e,14.0,2010.0,London
2218e2e1df2c3adfb70e0def2e326a39928aacfc,fc0a208c-acb7-47dc-a0d4-af8190e21d29,11.0,2016.0,Los Angeles
b120a10310645df329c691b782dea9ceb7dfe786,e07422f9-c065-40c3-a37b-75e98dce79fe,6.0,2017.0,Berlin
dc7307f6e49f0ad2432be4eea92ae7f854c3cebb,fc0a208c-acb7-47dc-a0d4-af8190e21d29,16.0,2020.0,Beijing
5aea95e1ae78a66474051a330ded374e199b658c,fc0a208c-acb7-47dc-a0d4-af8190e21d29,15.0,2018.0,Los Angeles
e1cef464322243feb12ac3f81873c912e071a1a6,fc0a208c-acb7-47dc-a0d4-af8190e21d29,8.0,2018.0,Chicago
204e3073870fae3d05bcbc2f6a8e263d9b72e776,d9720b90-d60b-48bc-9df8-87a30b9a60dd,14.0,2017.0,Abuja
f09f7888aa5aeaf88a2a44aea768d9a8747e97d2,768b87bb-8a18-4d9c-a161-4d483c776bcf,9.0,2016.0,Beijing
d81fc968196e06ccafd7ea4c008b13e1cad1be64,bdc2e585-4e48-4e36-8af1-6d859763d405,15.0,2018.0,New York
4f10b9f47c5bb6b54dd4f5ca8d9fa2c0bbd7ec5e,d9720b90-d60b-48bc-9df8-87a30b9a60dd,8.0,2015.0,Berlin
f37e1b62a767a307c046404ca96bc140b3e68cb5,41bf9ed3-85b3-4c90-b015-150e31690253,16.0,2014.0,Barcelona
8731369a707046f3f8dd463d1fd107de31d40a24,f51ff783-cdff-4e22-94fb-28e6336d17b3,4.0,2016.0,Tokyo
6acf0d7b24a93953269a4d52c6b2f0c7d11f9ae4,939c6e1d-0d17-4d6e-8a82-66d960df0e40,15.0,2020.0,Berlin
ebff4eb2f94dcf38171a5ca6a24ee95bc8e88c10,939c6e1d-0d17-4d6e-8a82-66d960df0e40,9.0,2018.0,Berlin
efeaa6e3114d6d6ae5c3041b66ac9a9ae9bf52bf,bdc2e585-4e48-4e36-8af1-6d859763d405,7.0,2018.0,Chicago
eaaf7b9166934e379f10a038ac5610d3360c12b3,1e33b3be-b2ab-46e9-96e8-d4eb4bad6e44,11.0,2018.0,Beijing
e6ea85add58fb25448042edb9af16f0d955c17da,7431ff67-91dc-41fa-b322-1b1ca657025f,18.0,2017.0,Los Angeles
54575fec0a24ea3daf1512e209ba4fab4c3d53f0,61275a16-1e0d-479f-ac4e-f295310761f0,6.0,2018.0,Sao Paulo
4a18affba68096f53a8a884e4a9ebd34e65d305f,9c06885c-ecb6-4a76-ba1e-fbad53521efd,12.0,2018.0,Abuja
a6cb366736791bcccc5c8639de5a8f9636bf87e8,939c6e1d-0d17-4d6e-8a82-66d960df0e40,19.0,2014.0,Los Angeles
e84b50da644a624f9bc7e51f96db2fbf656c0357,41bf9ed3-85b3-4c90-b015-150e31690253,9.0,2013.0,Abuja
b87edd8d4583d1135428245548c68ba03c3fc6eb,771ca0c9-2fe7-4ba6-b560-161fa259dd08,9.0,2006.0,Houston
7a5d1a7646ce1884ad76a0e177f956ae4d77c722,939c6e1d-0d17-4d6e-8a82-66d960df0e40,13.0,2020.0,Beijing
fee3596658a92832c3d8fcb46b07c7bcf3e25914,43893b55-fde6-4e2b-9d2e-c15a669a1f94,13.0,2009.0,Houston
670941ccda31b4473943078e74011b5d54adaaf1,67f7f831-711a-43c8-8785-1e09005359b5,15.0,2020.0,Beijing
834cb8e1e738b8d2c6d24e652ac966d6e7089a46,41bf9ed3-85b3-4c90-b015-150e31690253,18.0,2013.0,Sao Paulo
3da4626411d83c19c9919bb41dba94fff88da90e,a0edb93b-1e95-4128-a295-6b1659149cef,5.0,2020.0,Los Angeles
2503dff90685857ce7295e37d0045e2eef41c8b8,939c6e1d-0d17-4d6e-8a82-66d960df0e40,8.0,2018.0,London
ac2e6afbadc3428eb5dff167b52025e64525441e,fc0a208c-acb7-47dc-a0d4-af8190e21d29,18.0,2020.0,Abuja
6ea57a2aea08ce0628c93f77bdc24c2f3e9cc6da,bdc2e585-4e48-4e36-8af1-6d859763d405,7.0,2018.0,Los Angeles
09c5293b647fca40fde28ac6c38737f07e873e41,86c43745-31d9-4c1a-b33f-ce3aa0042dbb,10.0,2008.0,Beijing
5808f5285bc60a73bc240621ad0fce606867ebc1,d9720b90-d60b-48bc-9df8-87a30b9a60dd,10.0,2017.0,Abuja
fa72afa9b2cbc8f0d7b05d52548906610ffbb9c5,939c6e1d-0d17-4d6e-8a82-66d960df0e40,19.0,2014.0,Tokyo
53ab89807caead278d3deb7b6a4180b277d3cb77,3779a5a7-9119-4f69-84fe-f7eef193eb49,14.0,2013.0,New York
f778186c42aac4822385ce43ebaeb79ac2ea5c1f,61275a16-1e0d-479f-ac4e-f295310761f0,12.0,2018.0,Tokyo
955fe2ee26d888ae22749b0853981b8b581b133d,bdc2e585-4e48-4e36-8af1-6d859763d405,17.0,2015.0,Paris
4e1d97d3c4ef5e217f3bd7ab95aa251a10a748b0,8dce23a9-44e0-4381-a39e-2acc1edff700,10.0,2020.0,Berlin
0cfac458b176a1e81879aff4344c5278114cc171,a0edb93b-1e95-4128-a295-6b1659149cef,11.0,2018.0,Tokyo
7c6de5a9e02a779e24504619050c6118f4eac181,fc0a208c-acb7-47dc-a0d4-af8190e21d29,13.0,2016.0,Barcelona
ee8b1603c79a4f9c3bdc0d6633b595aa93ff3a0f,fc0a208c-acb7-47dc-a0d4-af8190e21d29,14.0,2019.0,Berlin
6bc4004347cdf76d84597210796f38fcf7a01a80,939c6e1d-0d17-4d6e-8a82-66d960df0e40,6.0,2020.0,Sao Paulo
484ad17c926292fbe0d5211540832a8c8a8e958b,fc0a208c-acb7-47dc-a0d4-af8190e21d29,5.0,2014.0,New York
9ba0186ed40656329c421f55ada7313293e13f17,939c6e1d-0d17-4d6e-8a82-66d960df0e40,15.0,2017.0,Paris
57e5f168536b536d3f2e84a8b5b7f9c112c90b43,67f7f831-711a-43c8-8785-1e09005359b5,9.0,2019.0,Los Angeles
4930de1aff4b1948157a15ac9cdb02364bee97bb,41bf9ed3-85b3-4c90-b015-150e31690253,18.0,2018.0,Abuja
9ae75ab09a9c0db08c5ec6a02ae940128f41e016,8dce23a9-44e0-4381-a39e-2acc1edff700,17.0,2019.0,Barcelona
de9550945b2f631c541c299114a770c4f47f9616,939c6e1d-0d17-4d6e-8a82-66d960df0e40,8.0,2018.0,Sydney
c9e432023a240b22f385cf1cc76ab75fbe084ee7,bdc2e585-4e48-4e36-8af1-6d859763d405,9.0,2020.0,Los Angeles
f71f8087c20c6d6fd78de522aeab35e82c5b61cf,67f7f831-711a-43c8-8785-1e09005359b5,18.0,2019.0,Chicago
fbe358ce706371b93c10c4395cab9a78ad3aef67,41bf9ed3-85b3-4c90-b015-150e31690253,1.0,2012.0,Chicago
23d31d6c75a3c62ee2cedd22308c5c0ba34217e7,167fa0ca-e88a-4ef7-a16f-bc66c457c806,1.0,1998.0,Tokyo
5e7d57cd826801f626eb399a9254bd8c90427559,8107ca1c-f651-4769-86dc-3d94a7b5ac26,12.0,2016.0,Chicago
6b7d6e6416343b2a122f8416e69059ce919026ef,d9720b90-d60b-48bc-9df8-87a30b9a60dd,11.0,2017.0,Sydney
73047a0f0192a35d3b5c6f5ebeadf3706b17e4dc,01103732-3808-4930-b8e4-7e9e68d5c68d,16.0,2017.0,Sydney
5bf31dc4bd54b623008c13f8bc8954dc7c9a2d80,d9720b90-d60b-48bc-9df8-87a30b9a60dd,13.0,2017.0,Berlin
c8c21f8f7d427446c11967ac967dcf500ae74078,1e33b3be-b2ab-46e9-96e8-d4eb4bad6e44,13.0,2017.0,Paris
08a83d48f24e2dea1ac7cb96ba2308e0b4076c3a,d9720b90-d60b-48bc-9df8-87a30b9a60dd,8.0,1998.0,Los Angeles
204a4a70428f3938d2c538a4d74c7ae0416306d8,939c6e1d-0d17-4d6e-8a82-66d960df0e40,2.0,2017.0,New York
844d502387a3996f167b04e2e83117c30c22e752,efa3ff7a-4d96-44a1-a022-a683408919b6,3.0,2016.0,Abuja
41cbe3cdfee7539f8ff20144e6bd028ef762e00c,01103732-3808-4930-b8e4-7e9e68d5c68d,13.0,2017.0,Sydney
26e7c671b37a65f6680815ad4c1e093a2e5a253c,d9720b90-d60b-48bc-9df8-87a30b9a60dd,14.0,2020.0,Beijing
c097be22f1e87a846385047346b73610d91fea4e,f9af8000-42f8-410d-a622-e8811e41660a,11.0,2018.0,London
9fa3e53b5937a0ec92499ed415e339ede6c92010,a0edb93b-1e95-4128-a295-6b1659149cef,3.0,2018.0,Sydney
89b1766a77f7a34aadd67861123d5cf3cd3ece52,fc0a208c-acb7-47dc-a0d4-af8190e21d29,18.0,2018.0,New York
22f95fb555278ebe0ad2e5e18aaaf8be3e4e53fe,fc0a208c-acb7-47dc-a0d4-af8190e21d29,5.0,2017.0,Berlin
454304628bf10f02aba1c2cfc95891e94d09208e,939c6e1d-0d17-4d6e-8a82-66d960df0e40,19.0,2021.0,New York
38ecaa5102f92ca12ea34cfc8b8b4c47a7a567a9,cd5a23bb-3d80-4d6e-b18e-03768fea71db,17.0,2018.0,New York
6b010e07618eb36abe6def23d94488b2c81ecbf7,fc0a208c-acb7-47dc-a0d4-af8190e21d29,12.0,2019.0,London
74c2878df89fcc2be28eae8523757d6d491457ea,bdc2e585-4e48-4e36-8af1-6d859763d405,6.0,2018.0,Chicago
3db5fcb595492dcd64663c00d56f004dfafa689c,939c6e1d-0d17-4d6e-8a82-66d960df0e40,3.0,2019.0,Abuja
0a6a9e6d4e3efd7c69357769305b70097281655f,939c6e1d-0d17-4d6e-8a82-66d960df0e40,20.0,2019.0,Barcelona
8573393e8b14e3011ae6ee91dc7bbde7077633c1,768b87bb-8a18-4d9c-a161-4d483c776bcf,1.0,2019.0,Sao Paulo
04faf433934486c41d082e8d75ccfe5dc2f69fef,a0edb93b-1e95-4128-a295-6b1659149cef,8.0,2020.0,Sydney
23ffaa0fe06eae05817f527a47ac3291077f9e58,768b87bb-8a18-4d9c-a161-4d483c776bcf,17.0,2015.0,Tokyo
75d6b55e8b9146e3d9dce9091cfb03211a664b3a,f2c85de5-7cfa-4b92-8714-a0fbdcf0274e,1.0,2019.0,Chicago
521fc80ac1ee85527386e5354cc0efcf95a70572,a0edb93b-1e95-4128-a295-6b1659149cef,4.0,2006.0,Barcelona
5aadc803228b70c3cc6b31e332770d47d7fb1e6e,41bf9ed3-85b3-4c90-b015-150e31690253,7.0,2018.0,Abuja
d42d2a4112e0a751424624ac0b78980fa9fe9d96,f51ff783-cdff-4e22-94fb-28e6336d17b3,7.0,2016.0,Sao Paulo
71bab0bb655a9bf7a7ef8a2308db1097111fd7d1,a0edb93b-1e95-4128-a295-6b1659149cef,15.0,2018.0,Abuja
36cf500079b82e3adf4a3afe3356c1c03426bdcd,bdc2e585-4e48-4e36-8af1-6d859763d405,3.0,2019.0,Paris
a043ccc8da48061265fb34c6b3279e6eea5af76d,69d79d4c-49aa-4c2b-b616-80100a634f67,14.0,1994.0,Abuja
5c57bb5630835a05eb1c3d0df3e12d6180d75de2,d9720b90-d60b-48bc-9df8-87a30b9a60dd,4.0,2017.0,Sydney
85b68477a6e031d88b963833e15a4b4fc6855264,01103732-3808-4930-b8e4-7e9e68d5c68d,6.0,2016.0,Barcelona
32de44f01a96d4473d21099d15e25bc2b9f08e2f,1e33b3be-b2ab-46e9-96e8-d4eb4bad6e44,9.0,2015.0,Houston
1a7a678bf59eaf9490dcec4b1343a1dedef69c8c,68cf0e99-5164-4480-8ed4-8b8416a091df,7.0,2016.0,Chicago
750fbba3e7545ee8eb73c549a6f4d92ea0521386,d9720b90-d60b-48bc-9df8-87a30b9a60dd,2.0,2020.0,Houston
5f5dc5b9a2ba710937e2c413b37b053cd673df02,939c6e1d-0d17-4d6e-8a82-66d960df0e40,11.0,2013.0,Berlin
3d846cb01f6a975554035d2210b578ca61344b22,fc0a208c-acb7-47dc-a0d4-af8190e21d29,16.0,2016.0,Tokyo
