paperDOI,journalID,year,volume
31f76619329aba7987394ccb8cac6c9a6dd58a56,iw3k25v2,2023.0,34.0
378236591fc05e79204fd904e9f864efa31cdc74,jg1052hk,2023.0,4.0
eac11727ef9c7c29711cb1ba82ef6f011e8ad78d,h31gosf3,2023.0,10.0
12c6be503e4e5b7c9cb1810152d4364f26628a8d,pywub0hk,2023.0,57.0
288078127a3078332230442170f6745ed333c700,b53nz7r1,2023.0,16.0
6f4486c3d8ccd638c2a6bcbfafa01b5a3225bcab,b306c0sf,2023.0,32.0
4583725945ff17f139215b210878b0a2e2d29bc2,3ibitxsn,2023.0,1.0
f92922a9fe4e6bb603291249796d80d09d1fd9f3,tyfuce8g,2024.0,60.0
8d984ee2eeabb630014f31fc759d4980830c4bdb,af5349oo,2023.0,27.0
ff97adbdf7ba45c08c6abe277aba04b41e85e5b0,bnjnwd3m,2023.0,3.0
7c1933359a6860fe49d15c6353a241763879e81f,k2te50qy,2022.0,18.0
2eeff0f534d303581bc1199671600fbd04a2d01c,yy3ef45w,2023.0,73.0
8d020275181c69e5e768c6ffc40e09710a6f54f1,259vz357,2023.0,381.0
438ea4f6becaadca82c9f9904208a423a0cfeba0,ofnoljjc,2023.0,15.0
de4b9bc12ddb6b9f6090c032ef5c6290bd64ef36,wjnlwpgn,2017.0,823.0
3ddbc58b463156b83c1a6ab792c98898e32aeb7d,iu1ypx81,2023.0,120.0
10c64e5aaff9f70dffc8c29a577376d085e9340b,vad7vaa1,2023.0,13.0
b67cb8cac83ec0cb683d5378a0ca4d96c8176013,rjek00nl,2023.0,234.0
b313140bde3d9d8ed96f405674fd243e270104fb,a8dxc3mc,2023.0,1.0
8ebd4ae177fb1a62298d19891fd6e45e2a5f7685,v1ydbzyb,2022.0,3.0
973650310963f8cdc39c71e79724513004adde2a,egann7rt,2023.0,2.0
b9e9f449da63fbb783ce39db15bf1626a9bb4a44,ypy50z5h,2023.0,8.0
10f919b1a5161b560504c225cfb2d1b3a4768f80,b5ixbqz4,2017.0,2.0
4b4279db68b16e20fbc56f9d41980a950191d30a,n6rmhx5o,1992.0,1.0
530a059cb48477ad1e3d4f8f4b153274c8997332,2ex0pf9h,2019.0,58.0
b9ede5f604668d0b62a306392cd03f47086e245e,9evx75x7,2018.0,18.0
8dbd57469bb32e6d57f23f5e765bf1c9ac8e080c,7je8j1kg,2023.0,1.0
e89dfa306723e8ef031765e9c44e5f6f94fd8fda,q30dcvbp,2017.0,267.0
df5f3ffe15207eb6ae2f00f3ccc818625b9bfbe7,9oyrbbtx,2022.0,40.0
f08060425aa8a212d74185ee23a08329b89abcd2,bdlc2d0k,2023.0,620.0
bb01d7be9b49c8a018e134c7f132c39b7d9973ad,9drawai4,2023.0,99.0
e8441a9d8c22f333b4092d3a95d3fbb64a36d428,mdmegsq1,2022.0,9.0
5a5e03c3c8bf5052a99f4631e874b1e608e59319,fwz1xu37,2023.0,61.0
9faa2b0e5cb93f20df0555c3c350fab0b2eccf3a,jz08pt60,2023.0,616.0
7b72711ac2ea7bd7f519cac162a4a6578bbb7d0d,56jjro2n,2023.0,51.0
635c01476986099adc4ce122bb28ebc6deb46671,j4ny5ms1,2023.0,4.0
5cde474869cb230a29b3ba0f6f685f5162b1a1a1,o09p521r,2023.0,23.0
50aaa8443a323df21d7ed4efbcbaf465a86dee49,ijrsixal,2024.0,37.0
e251ba9fe7992fc07a01365a5f8f2b4d9020b875,dlgfy13x,2023.0,20.0
21dff47a4142445f83016da0819ffe6dd2947f66,003hb1sy,2018.0,6.0
9dafa6c5c609348b46734fc8997b93b3587fec6e,ntbi29az,2023.0,78.0
79d98ae4abec4b13a0447706e44e8d709fe7953c,cpjhe72y,2022.0,14.0
ec13995de8797a4e977024942d79fc0d27e20b7b,gu5hte3y,2022.0,28.0
2d93d27fb07fc43bb1e430c37f802586bc9aaf00,8sgerd34,2022.0,55.0
b8f20b0b8a37e7b2e19d416fba80d147b75c887f,0p7253vq,2023.0,51.0
dfd1d219c7e1993bef152f79b81204a828b77d21,5oxrxeem,2023.0,8.0
e1d2f2a717aa03280126f87c8e5fad695f52bf7c,qet63d5r,2023.0,99.0
22ff1f6f4df0497323ac03f446cbc49463128486,b4amu181,2023.0,23.0
a1ab52ec816982a5a69665db6780b3b5d8ceb216,gi8ln5pp,2023.0,92.0
f134abeaf9bfd41f29b97aec675ec31895bf541d,1m5xe2me,2019.0,25.0
2e8aeb7725546ad99a70e3580290371709f28ac9,0r7hrmak,2023.0,7.0
380a6de689a2000b964fef006442147e2a88a07c,7r2fii0b,2016.0,93.0
697f2f3598057cd17cff7749d768cae0993c6727,uqrhgl65,2021.0,25.0
820c4c1852411d2c03201a66a122fb77c1d6578e,szxtly75,2023.0,68.0
af39bb30772a71ec2a620b3d2daa65e44f2a8e91,fzc6njhu,2022.0,2022.0
7481102d1943c21194e623d08c35930088c4e521,z6c4hjcg,2022.0,378.0
cbec914257aafa6fee1dc34dfc5cfccc7adbd031,jdok3xj4,2022.0,84.0
a84bc5bffba05777850852a334706eadc41d5aa6,04gmlh8i,2012.0,39.0
5ee0ca09dca482eb8bb1e351a0c7575c3c144372,1rnurwvf,2021.0,23.0
20916d373131f2d58b1f7a3bd54aab0b51a3ffef,mvda0qjz,2023.0,121.0
18a8be054af68439e75a90cef401131e77dc1ae1,8gthojp7,2022.0,3.0
4e4fdc150434a27762fbf4a7190b2c0a81c63cbf,mzani24f,2023.0,10.0
d5f47c2b4b729dd067706159e9c4857a41f8ef98,c91x0k8c,2019.0,52.0
d0d968351ecf60e10184175f9f64ef0f9a75d112,9urw20kj,2023.0,1.0
f7750d13d17b4a0c841650c8894554b24e3fe0d1,l40dc7x3,2020.0,42.0
ffb6ba31c0e95a6de49a861bfb2b33e0a528efac,db8mojdc,2023.0,13.0
4fa5dbfb2f62391ed73a23a8867e31a94feb971e,j91br2gq,2020.0,10.0
28fc55180ac3a8117263498899c2abf1a6db53dd,r68hu0rt,2017.0,65.0
982c06261ab475bf4ff586bceb40f47a8ad3a9ce,cfgc4tdj,2020.0,197.0
b099ca77c4b9acbcdc9011e8f3a12c09f9b402fb,c4lgqu7h,2019.0,10.0
16089042763013220961bacbc598fff544985944,bu95tpyj,2024.0,98.0
aa12a2375d98ee30b19ad55b66f8cda225eaff1a,3ltkudoc,2022.0,13.0
a0b0aff4e321bcf767f325562df7cc0ae84d0bb8,utcl9t80,2019.0,51.0
cc07fc48ce2a381e7f39235cef5fd10b939182c4,3ljmxu23,2018.0,24.0
ae5b587fb5ff55c074a770acf81c27d9d3046748,g4ae9d97,2023.0,35.0
35285ee3056d32f8ed5bc1fee6c3aa70afadd108,y4pf3ihv,2023.0,64.0
68fb780a7975e890031872d9bc59db59784054e5,e5eklusx,2023.0,4.0
7167fb2754032a4262be179dedf5607aea311c3c,0rm5vhnu,2018.0,26.0
04dec21662614458207509ba7389f75838180c5f,6r1ns9hb,2023.0,12.0
cad4e03a11703fa2e9395246611be6477f9c791b,9qtqdt0o,2020.0,1.0
dfdf7ff01aa6f691831e663fd29bc71890be39e2,luchs3lw,2023.0,11.0
daf31abf0d7a5e356b0b364568c43b8b2941709c,f7ia45zw,2020.0,43.0
ee355f8a7f35f3ea65b9fbefac63da4d5eb31db1,tml9hqjc,2017.0,1.0
b45165aba7ff801d1e51811ec72dc280138d339d,poluj7v4,2023.0,6.0
508edca55bc8b5e0bd3223a46a2b7cfc80ef96c6,5zt1dy3h,2017.0,28.0
65ada5eec961b70a495640ada0efb58a1e70d667,xjnf47zu,2022.0,62.0
24605abbd047e294a806ee97df3c28965bc14226,07t3ywnp,2020.0,75.0
9da092d7c7674e96830f8d6713a9a4f8101f984c,5t793npk,2020.0,31.0
25ca87d83b99831af6c75c4f962e63c18f2cd298,4bqvjf64,2018.0,1.0
5c128102d50d7ed96784ece1eb25533bb4ff3078,p8vbbp3x,2023.0,12.0
2f260603c47abfe0bfc9baf48fef40733d07d0e9,ldywqjmn,2021.0,224.0
ad86edb79ac10c85bd437bc9507a498ccb7bc68c,1x4s6a01,2022.0,3.0
1537a94da341031dafeeb303d1597c674376d6f7,5h3stb2g,2020.0,39.0
a1e37e17015efc88bf72e7e858523b9dd65ed35c,uasii4gc,2018.0,392.0
dd4e4c2e529f4daed5f5c3c834d4a801953cc379,0omg7w8c,2023.0,156.0
89664effe9311a20a609d3a2cb514e5ef57cb9ce,t9x1aeim,2020.0,36.0
7db59437fc26b01979266fbe7f4b1992f787a627,fr07bjg5,2017.0,72.0
1e490d1e7ba2d4698169a058bdb3b2eb267ab101,4wnbw0gp,1959.0,1.0
67a28e2a70871243951cc2375df793c79d4e0c12,ithlqb9w,1994.0,1.0
b9b0bcfe881b6c90f76dfe7a913b0e022682ceb5,pv083v5y,2024.0,48.0
89f3faf056c5f8c50646ffc24b196adbea377f12,vn83hhxx,2019.0,7.0
0092dea11a80448e12930d622208e473215c502b,ip23cwz4,2021.0,595.0
e0fa5ed16e07ce73be90fd93b98cd240f3995ee7,fy68vh3f,2023.0,29.0
d040539321f9abd6110328eb5688227705ef1db7,0bxnjaco,2021.0,2.0
ac4dc32dbeed10e3104c0c7f9641468bddd807f7,gi3od0rf,2024.0,88.0
72a9375c029bda67ce3d8037f16d2d3114d46167,g9aiqg8v,2020.0,4.0
a6165cd7ae9d94dec4469b757f9f88318237fa1b,qaosx5nf,2013.0,8.0
5a325803c2ddc7793a08b03479cd884c034568de,dnbbjqbc,2022.0,19.0
a046daa116020f482eeb94c97daa89571833bf3c,gxc1r2r0,2019.0,25.0
d9b34c6b616f75485856794478bfbeab1ea93b81,vo3o0nr6,2021.0,13.0
5f996fd3592478b6923590ed5347d6206357e95a,x8jrcb6c,2023.0,614.0
d72e5c2e7bfda14ccb156a15f597ed499a9e9b7e,9bj729on,2016.0,96.0
8cec749bd5843bfd186b911e123afdf61f2a9754,qa75a5dd,2020.0,36.0
6052486bc9144dc1730c12bf35323af3792a1fd0,1fbfxjbo,2022.0,620.0
1b32b77718be22ca31c2a0dba709c815e19d4672,r6h78nmi,2021.0,81.0
11744aaba727c28d2b3c9f0d64f1a28f49f70e0c,4gij2n8r,2021.0,5.0
d1449988086f11f1888788d42655ea20d22db97a,boxpmqln,2023.0,48.0
cf1f26e7cbed3958b3c2870656568c299fece6e3,5tqm67ew,2022.0,2.0
3f78a5cd1514c6aeaa9c1bf12d6eb61b7d122794,aexlaxav,2023.0,1.0
3a0df1e7400b6e99a2f56c6471d021b52a34052f,likpdnoa,2021.0,27.0
62af64ddfada1300b2953a1b01679e79e83819ef,plkrn3oq,2020.0,86.0
7c663204f4b1f5c0a112bce0d84b21e1c1b7f798,v9dnr6qm,2020.0,53.0
c1a26a507b79e510916956ecf13156c9e4b33c31,vop44hnv,2022.0,229.0
a8dccd6166646b55680425370c9ae75469eccf0d,3bux6drv,2021.0,182.0
dfede6a85afe6595130ec0bfcb73bd77de5b0232,pyej5qya,2015.0,90.0
0156ff736796f4a71f66ef9d9941b71be33f7f09,i3rgfur8,2021.0,51.0
a105c11c996faac8996b9ed251705c2023dd73af,zabeiscg,2017.0,1.0
15abedb29536d50afeeec739a25358255cbda3e8,e6m8j17p,2023.0,1.0
402f09c2577a372734b4593bacd3cd1df5284742,tw7bbxpc,2020.0,13.0
16329934abcdbd46e5b0f7c201799c7d8a6d28c4,hm19lxy3,2017.0,6.0
f22077969bc6dff0edb826e33b4faf9b105b1156,0l7o8srv,2024.0,41.0
8029b005e1f97f81a2684fe700f8a63f91a8bedf,ivutzbgr,2021.0,81.0
21cf704a82f5b0b4ce2a240fb5bf27f59608c12c,yto19ive,2021.0,97.0
ec299c4c2398532d785f58ac6f848b43abdbbd78,jbkb5g6a,2022.0,116.0
cef530e1a4b270262e1d17327711d4c59a7d99a5,571h8nur,2021.0,81.0
940284a49e54dca96cfed006f8ae252a11ff6157,t783v060,2022.0,2.0
0db2d732fda58a665706e0f348bf4b14038aa4f6,01n2jjiv,2023.0,1.0
d6c745efbc342279308e80f1e61f8b2ea35b7ad6,ckn4ktpn,2022.0,8.0
5a7f3f0fdbdc29fddc7a41098ee8bbc3f7cfd1a1,or8p7wg4,2017.0,25.0
da7ac4bebc7c11f30026b0db76bcd9ba474c3372,2b24art0,2017.0,1.0
5c322168238098dc48bf3129675c1ef22efdf23b,s6bkgps8,2023.0,73.0
de874d08354e2d53aade74c1daeaa9bc9b7e381f,s4tx6w32,2018.0,1.0
3d0eb19629716fd7f5ed1d4228b5ec8e2277a910,d14ec74v,2021.0,20.0
ee245998ee246084c764dfe2337fe0aa870e080f,3j7kwtx7,2019.0,11626.0
df99898ad6d997cd5b91bd2262e137a1d77fe152,4sygj39h,2020.0,8.0
666a7d0165514f31d58cc20d4698bbd5dedc3196,5pk91aey,2023.0,23.0
1342e7d83381608daf703757eb1716a83549edc9,ytfq1w6e,2022.0,377.0
1a6581cdc1ba19856a193c262e3a37012a0733f1,pbna2z37,2023.0,95.0
6af0bdfed1f4607b78409743ac72dd918e7d6160,p55bzmi7,2017.0,1.0
f779d3c8427bc47fa0b6ecde4ff6173e47afc1f2,7c9732t9,2021.0,80.0
d8345ba0f7d0b357f4248c849807bc8cd9347952,yp9gad90,2024.0,27.0
115297fb487b4fc344029b3f3335494743a40109,f7treo1b,2023.0,48.0
df9ff5a3c7e0b925d703d13fb763c87105ce9d8c,bfnqs8nb,2022.0,3.0
0030923414ff02a4180bc29809003d503be213e5,u9yi76de,2019.0,1.0
6896a3dd47803ddfcd0a0ded106a42bc0718c999,d7y4gewn,2023.0,60.0
e1ec11a1cb3d9745fb18d3bf74247f95a6663d08,9jwciheg,2017.0,542.0
8b6f5784419fcf9c1057e7a3599f030b3723b59b,hc03a66a,2018.0,44.0
19b3f04f4314ea83025ad4537c7be4055b77cd2c,y7w4c2lb,2023.0,1.0
d163cf4672e4c90f4d12bbd9c731f20880b9a093,4m11wuzx,2023.0,8.0
23b80b4af1e1045b6bccadcb894450988e0299ee,tgbaswfp,2019.0,1.0
d407f106abb91a3c25795b8c8f831ccd70481848,3d2rmatn,2022.0,5.0
6e6c03c3a971ca0d17f21bd094beaca51b514676,fq58nmn3,2020.0,20.0
d55351af9f8a57003d9e5cefe9bb6d9158dde2d2,sve0fyfa,2023.0,107.0
ecea364c75590b2bcd2a39077c41e18ccc0e44c6,0fosyox2,2023.0,41.0
a1d8bbee9798b4f5cc9c09ba83d09248ab849d4f,4voj73si,1988.0,1.0
82adaf8804222437af2ab6d54d23f77a56631395,kcgcx253,2018.0,62.0
cfaea43aec271372091aadbc65f089ca67cac8d5,63vdzttv,2021.0,32.0
3a9dcb0e38413611301358648ffe39c7f831a632,542nmmry,2023.0,81.0
187decfef0b1fa036bdf23d31e962688982a20ac,ytlv19vl,2022.0,138.0
358fdbe82307cf7f77c5b0f6fbfee2b64760c681,cwxwzesb,2023.0,46.0
b9505b57bf41d127ab786fd0d6c0a0fae7e69f07,h7lls0zc,2023.0,14.0
c082ccfcfe1afc696e371374146ba9380b84061e,u7hich71,2023.0,7.0
c0c789bfcac6c5d723f49feb47e939a9afe8a219,4fxy8yvg,2021.0,63.0
c4d96dfef7b67ea371354b416d1e458aa65f8177,qnu2exfv,2023.0,86.0
d0284c9889eb38f70d3c3acba13e20c00d7cbc45,ykwk13vi,2021.0,14.0
bb40d39b7884de9babbd719636ac9d5be6b7d4f7,prtteh1k,2020.0,89.0
80f71a6a53cc496a0f7816a8158b0be86d3eb7a7,nmjcmkgq,2023.0,37.0
61ed0e8acfadda02ba50082267ba74a9c340dd6f,67s818m0,2020.0,51.0
695bfb7a3c6c1b29c189739b7556c59a8dc4f515,em75yw1b,2021.0,31.0
50aea7bae4c478e850f218e58da0e24f501ab8fc,j3luubsn,2023.0,613.0
b6328d4664aed6b5d7e824f1867b653069d6f252,w5533eeu,2020.0,26.0
5ac2c3e8a473652efacb26f61329aed053bf7676,qmjolbrl,2022.0,59.0
9ae70ff3f55f38f815bcd8ac0ed93f361dee35d1,ic6mguns,2020.0,60.0
4212a75ac54080c4861f14616989ae3e30a49c28,udpizxd0,2021.0,1.0
7d3b7c8e60fd6e4e0e84fd72d717f4c86447a10c,fvv5erzl,2022.0,3.0
cd8a6a30bb17bd2b39bea9d3b0a5e6c4cd1a0f0c,gy3r6ykh,2021.0,1.0
29f555d643915471981aaa5b07c3b94bd962329b,hhee9ruh,2022.0,3.0
9534e6b18c015575f7f49d5a1252c6a854a690d7,yo081zcz,2023.0,23.0
6d5852cf840761ac76fbdebaaefd5f908ae8130b,2wd66yl7,2021.0,30.0
7ac3e09d74ca15fdafa5f730617cd65059a144f3,gxi9xat4,2023.0,1.0
4638c153cdefafcf5a80588ec93ade6a5558d490,lqbwkdk2,2022.0,13.0
5c23b88068d5912fee9b2bcbc2fdd4bdb4ea3eff,mhtqfpw1,1993.0,1.0
8ef09c4e16f8215a5e545c45d65900306544d885,4hjapiw4,2023.0,19.0
f07d5ae0bd63f1600392b6f3b718b78b4de655b8,zszva1ky,2022.0,3.0
cdbd4f9b6ab2e2fd1ddf5400d5ed2c18960635d1,0bakl4oe,2022.0,1.0
833c81f290b27386eb750afca760d3522c6b8f6c,bc8qgnf8,2022.0,608.0
a9c0d7bad124697e370a1b345508b6bc618a4f64,jyo05v44,2023.0,49.0
ee9acac0d8798fe961b59c7b9f9941f1c7607d34,xmyh5cmw,2021.0,3.0
c0a8fe3ac767c0911f10296bce29cb97a7382266,dd0cj4oc,2021.0,2.0
b8f436531f8faccff0b60a15371ce040e4a32784,i4d270cm,2024.0,90.0
7b80ecb43658bd419f7294229f3e79f2526aabb6,2xm604yf,2022.0,72.0
4c48b91583a3ec5bc35137b02873d5f98a8430a3,ii4ijz2v,2023.0,7.0
56a0dbed37176ef2b7e489a73fbe63fb437bf6d7,sxutr8hq,2021.0,26.0
a38f1165e6153c5a699f8944cecb52ea40debeb6,ccmk6y9a,2023.0,14.0
a799caac53cdab687d3748dea4b7106fe654a7e6,oxsg922b,2023.0,80.0
17dec4292289bfaa1b5342a8719a58b9f88cd4ec,royfw5xl,2021.0,2.0
9497fe972ef8292ed54edc722181f81583a70233,792vutzr,2023.0,21.0
62a45ab7b676f3877d41f66f6c9ddf1ec44a1c5f,ile397mo,2022.0,77.0
a967e9bca54785a77a8c2ad0ba120d3e15f18bb0,devdtqge,2021.0,1.0
a06bb1f9d61aff99f803cbfecda13a964a0f8490,60wvawkq,2023.0,5.0
03dac183ea64aba831d6dfaa549677091acdfe3f,m84y6opw,2023.0,49.0
478df2ddc7159853d0da9c9d6fc2211077edbe80,b36plaac,2021.0,115.0
7c7d0f1b8ce0608ad6ab794024e74aae739815d4,vpoifp5p,2021.0,1.0
0b719a88a97c3ff11038eaa34d910fb651cd7233,n4aeg2ex,2020.0,1.0
e017e0034fba16b37958b517064d9bf7ecac5f54,z6zx1m9d,2022.0,18.0
9941e3b0125bf9f17e391e18b656bde9d98abe26,4uxieq6d,2016.0,16.0
1be3dad6ded1d3a58d9592b72b37fe3c35cb1d92,pg8406u4,2022.0,614.0
5416c09605ff6e5078cf75b77c124d856a54b078,01bshxt3,2023.0,120.0
5a23a489bb9e742edacc8b8e778b06e1594365d3,tkpqjcnm,2023.0,60.0
40b736b8a628504a9463130705f8012d2e5e5560,dn49471h,2023.0,7.0
5c45a5d05ac564adb67811eeb9d41d6460c70135,gyxw41id,2016.0,1.0
01e1ad39a01a715c94b77992a1fb9b39c97f2e48,zg42opyd,2023.0,82.0
76372a4b7d4830a52fdf15e9952df2f060352a85,mep9my9n,2022.0,8.0
6e487e18c2aa3c08232c6167a2a8cb1e99574984,s5h7dyju,2022.0,3.0
9e74c0864e11e0930aa066e344322f5142880c02,z5v0wkh9,2024.0,79.0
e594f938aca2018223dec29edf55b61d4c9f6081,i3kg66xt,2014.0,48.0
60f78afe2040f33988c71d585c3f42f06814d0de,2k76r9xw,2023.0,48.0
aea88c355c3471b82de3af7e5941f49c3bf993ce,6hsrxijt,2023.0,3.0
a2c68dcfb842c327044dd15bcf4b62b1d22c57c3,l7g7jcvi,2023.0,60.0
fef5d038b390a7870b62cedc50ec4f2c8c821fe1,2h6zc2s4,2021.0,57.0
6855557b3ae4cb70c758fa2b89d43221b33ecede,kl4cstvc,2022.0,25.0
906f27ffbe1508f3b3d33dee3dab2d23b69d9505,dubkng31,2017.0,1.0
811c64131e009de84f0d92da6cc96e824a291bd5,p19imfn7,2022.0,27.0
8a9f05cdfd0ea7411e83f95b39647167ee82c087,sfwahl3p,2023.0,97.0
29fa81a52b38eca815e3001b7895411fcc8e77af,chcjw5sn,2021.0,37.0
5baa91bb19c7387ecdfa1b5d504014e3c1a29840,qupesjji,2019.0,10.0
92be425544f1199535bb013bbf3f3e5be567b499,pfc7xnlg,2022.0,89.0
f609bc765bb05b904f744b53cac6a2b96ae79d63,kl3laz9y,2021.0,100.0
572e93355389ef5fa94c7ffbb47c8570cd72ca71,mcgn4a3d,2022.0,6.0
0570e8fc8b02e7eb66e798b00726fba0592ea90f,34hz44ha,2023.0,613.0
82ff921b0680e1c5ada19f752a2ee89b0e027cb5,ggeazjuu,2013.0,1.0
03c9711c6a017ee2443c23cc93db1f6fa22e3652,y2iqvn1p,2022.0,618.0
e9d53197af401bf5a68c457f22f865f8912744be,pyzvxwph,2017.0,7.0
6a84b0472abfc6bd872ea021e32602baf3f6093a,ll2sbnpq,2020.0,54.0
c0568670ef438aaaa6872530947c8c76de7ec53f,mdo492n7,1979.0,1.0
1ada6fe96d54e9dfbd4fd16016f53bd0b2d3936b,y6iq9aki,2022.0,78.0
b31c4335cd310a970b617f688b82416968a89bad,66j7ac9n,2023.0,43.0
55b59cf4404f121edb15f69c2493c87eb36a5530,vf2ag85n,2022.0,3.0
0e0718efb66091795b780190132be89ab5e11f05,sqkvd1l9,2022.0,112.0
e6800a5cc92502789f9dfc7c5d9c112d9d2f3372,0l2ghaof,2021.0,34.0
35d5bfd7ec723b821ac82fcd2cf4b3039c7f13d9,1d31jujc,2023.0,36.0
c710e8455fb50db5986a04edd6ad75f1ea6bf343,qlx7ibe0,2022.0,23.0
0ae5b99f09b7ebacc4aeaed7644aff90534a3aaa,dux4ttzq,2017.0,1.0
ba5ddf300290eb699dadab0ae0aed5a67a64816c,359h46vb,2003.0,1.0
462fc00c1f99596e17a08889d74b3ce9eeba7e50,g2vdhjkn,2022.0,155.0
bba38b67b1111ed327e6c895be304739839bd354,07f73t33,2020.0,158.0
dc1eb76fdd0c39c8e53985a447a5f049f860a7e9,0wn7r6te,2017.0,1.0
2a4031393d3c7f66e4257f77630205181f0c11fe,sdyu7d88,2022.0,28.0
ad07d3499faade81e6c33069902c45b13ba90c44,morbol6b,2022.0,81.0
1e31a13f7bffc62c823e848728d4b1f9e6d483cc,v491kn6h,2018.0,362.0
0d0797e85ccadaefb08ec61c97328ba2394069f7,cz34ensz,2019.0,1.0
b4d0031594c7cfb6d9628bb12abc4de6eb048765,k9clalsk,2021.0,1.0
7d5a10aebeb57d1bf7bb6585eb45ab481f964be9,29g2gvbf,2022.0,30.0
c61e47b0b2c91bdd6a539ec25b019ab2f182bf77,ou86u9g7,2023.0,1.0
0c171e1cac6868ccf905245a7dd4400f9554b241,4cv2l2y5,2024.0,2.0
66a15e9448092ee1fff9a67e288238e399a9fc17,94iys3st,2023.0,51.0
34b9635d7779e219e9d60e0d3d33919ca9bc123c,1mlh0o0h,2003.0,26.0
ff2a00554d8535c54da7149c2262bbdd94a39d9f,jvg2n4jj,2023.0,1.0
7ab0f0da686cd4094fd96f5a30e0b6072525fd09,agyc6o4i,2017.0,19.0
064136131d79ea011e07b6a7766f1634ac1a5a34,a6gwxpah,2019.0,1.0
7130f33ebe63c2473d4c5e3cbc0d7d15e042aef8,qvenvr9f,2021.0,48.0
fce2c50d48d07fc9f83867ac8791d2f5a34eb80d,li26u1x3,2020.0,55.0
c0c289055deece13bb4c68ad9748ee676c50857c,pquei7mx,2020.0,41.0
6ee01c85003010e35356b9db249b3160d224714f,8tsur3iw,2023.0,13.0
f9c95ea9bcd529309c1d743f0926b5137f8ed60f,edqz901s,2022.0,59.0
d407ca87e1944ea84d6899386a2a8812405e5525,djdlneud,2023.0,92.0
e3bd45892ff2d502eaad65e9b0858d213111e9ae,mtop43ig,2022.0,79.0
7bdacd396ae8662f6397c781c06e2d48bd87caa4,qt65ai8k,2023.0,56.0
c952722b1261744c87bbfed09eeae4fa68486a50,464u8xmf,2022.0,3.0
d7a98e913fbceedbcba53158e7a551428abb33d7,0hvxoh2g,2018.0,320.0
3602d529e715218372891879534299a81d71f8b1,eeeaz903,2020.0,26.0
3409e518066038279abe7d43be851ac22990457a,w9grul5w,2022.0,97.0
aa1281dab5a23b7f603f1d5386b2dc0e8d8b0b0a,93ozgn6m,2016.0,88.0
9e7cd4ce1ed4b842e8a428c3774bd06ca3a5b769,fnhgsjv8,2023.0,21.0
f527bacebbbfc46719d50eed61a8b2114a39bb72,mj8eczmt,2018.0,361.0
0d926a029483beb8013d8dbe56dc11bf011a03d0,umn9guy0,2021.0,26.0
6361183fc8bd4ee0f5547956f287d63cb43d66e2,60gx7yg7,2022.0,1.0
dc1f8bac44b0376d2d043f114a6304aa2526095a,8pi3237v,2022.0,62.0
1315975ac498ddbc5f43cc4afe1ce10c8d60d238,zy0xw05e,2017.0,1.0
e0ac105018b58ed692412a8ef339b46866fa11f3,dnath9mh,2019.0,1.0
49b66b980c91f989637b089c2e8284af443aaa25,2k1qarid,2023.0,20.0
d9cf759933ca5805942e4d2d16cab77f6624dcdc,ermxcdkx,2023.0,51.0
2615eee08a0f7b7e57d43165daac6ce3b4f9e200,qqpnpqng,2015.0,25.0
d0dcc9d1ed709e78059f4a29799c41b1b30a2f26,jujep2ud,2022.0,28.0
0403275945c0f6d96fb22f69447b70c8967403f1,r044rl91,2017.0,1.0
9c5ac20a248f04533cbc0e1a10974e2e5c1e92e9,is2187s1,2023.0,25.0
a3d697e758548aff5739de17049d6ed1cbb3bf71,07jzv8m5,2020.0,32.0
0a1da3d352f83f7c539e621ed0ec4d292d812a10,qz11ge87,2020.0,260.0
5b7b6eb10da360ada5861dad700d4515003d3f9a,c80jgl32,2022.0,11.0
f1374c60ea4548ac1674ab72c8ad1d5667fdfdaf,g9nryf09,2023.0,27.0
dd4dc681cba9337748105482586cfff558911cb7,1r4f9pwu,2020.0,9.0
4fbd3d65628185bc301f98977d01acbd8126a709,6871n6f6,2023.0,10.0
983d3fec5c35c6f40f65bf971558be1d36d2bfd7,me3g7mlt,2022.0,78.0
a82d3924f488d74af91ba31ff1cf80a6c07ee206,ikf7yuh1,2023.0,1.0
34f6569f8000a8a33ffe8820fe3a3bd91a02d3f2,x40cyfsf,2023.0,41.0
18961b843e322bfea7f37cda5ef73fb0e432400c,abeynejs,2023.0,17.0
e612bf867c7270240ceba6dd7352450a73bb8e48,iawnr06h,2020.0,43.0
0709e3eff5e28643977bc7f3e88b8f9c71e25912,3xo8kx8j,2021.0,126.0
448172b572745af591f3be00094585ff3841e3fa,xdohn5z3,2022.0,30.0
cebc1e51eb6c17a9bd64353fd59d815fbfa9ff7f,bql7wsu7,2020.0,2.0
a4317afb40537ca5052f1eceb7450e19d09d9f03,49pd06nm,2019.0,41.0
7b6a8c6d44e0f77bf930484e438d77b7465a69fb,baanfjv1,2023.0,21.0
6ff75ef14c71e606d76ad186a8c9515344ecc9a9,gl0jaaw8,2023.0,13.0
7dd2232cab97c678bbe5b36f37e4c997cffbdb37,y8xyla85,2024.0,87.0
9b3e1573eb7baaefe23753ea71b61cefb036d03d,pgavg0iu,2023.0,17.0
fd44d398b2945b4c20da8ec3cc32becd5e08100e,5c0lkf20,2018.0,1.0
f63b66a3ca43084b668c1cce19ee00e68356867d,gzd5bgc8,2023.0,15.0
c7e5508112a96a7ee9b47cd483a7f21cb64a8626,3z3751to,2022.0,66.0
827d8e365604cb454258df7f69f259f10de51efd,92f8pd9x,2019.0,51.0
a9bd625a66c8cb1cf6841faaa82862d55debf98f,cxzvlcfx,2020.0,16.0
e6e87e3fc84ea1393a053d6e90a330c251094c38,4i47e3ua,2022.0,91.0
3b7236a0c0163ed13b9f5eb4ba91c462b81e4d6e,95s1fpfo,2022.0,12.0
8df72c48a7ce4418c683c4dd9bb300558ac71d47,amvh0a9r,2018.0,1.0
9a846de6cbd1aed0ff8b93160af59783e6bdd66b,645md0i9,2022.0,611.0
b36acdfc67612d707c95d1ed282672d3ca262be7,duqw3q2e,2022.0,70.0
0b9de138425b4d0374a88e0b0ae9d2faf5231c50,a5t8we0a,2023.0,21.0
e1d3ad60ae171c551bda293a91fabced1393d07d,9nqz5z7s,2021.0,222.0
30beb7f26e1ae8c9d3fb21daeae7d76275835cb8,2xkyl0l3,2023.0,119.0
5501d00310b06e00351295529498cc684187148d,mtus5caj,2023.0,1.0
87538a3ca45cf2b54378260e6fbd7a8e61e1f6f5,e0zgbknj,2023.0,29.0
d844490ca2edb76c76e1b460b7e84875e4f21b11,jr5ti2q1,2020.0,25.0
7c4ab671083d7e7e65ddcc94647d5219d8c42e87,z5u9rtac,2023.0,20.0
a45ff64e22f8005d563fed1ee545ddc98aab9766,97zz99gi,2022.0,98.0
aaa9de6a91833865fc4407042a14b41ed5761028,qiskx3m0,2017.0,177.0
5425de16356015c2f26d2a50684c6c46d6998f51,o3ue7alq,2023.0,10.0
57cb76b341dad8032f38c79c435e13ca01943638,ghqnfc3g,2021.0,49.0
0fcb79c1bf66786701ebc415a7decfe9b4fbf72a,rs8za5jj,2022.0,41.0
363e72aab77a9914f1aca06a8263b8e397340c91,mn2qko88,2021.0,65.0
389e53cbae1b4a3d3b4dc30c2cd743dd694d721e,3ixsf0zp,2022.0,22.0
769b9bfc65ccf7d32925f813a39b26e59bbda810,0ns765bo,2022.0,56.0
45073ad97f5c0e78b4f7cd80bbe2fd2be02c4c5a,ibtcdfuj,2023.0,32.0
c18ff70a0a0ac21b22e9736ecebc627707924fa7,xxl34j3h,2021.0,73.0
4fdd9c5decd076b0f324765e1a7aa29113d008cb,3hk1wmns,2015.0,1.0
2505152ec54d390fa647928a94dec2b7149a9f47,tftk43bh,2021.0,146.0
48d0e692070629ba3110cb119bc6cf58ba2640ef,5svt7ych,2020.0,34.0
3dbe2b18393c34dc30f057949e6d31e3ef6efd90,v6jc24zn,2018.0,115.0
da9683e826c37a6383c124b5c6cddefcb35ee8fd,0rmdif8q,2023.0,74.0
ed15d0f9a8eb3728931e772822314efde340e0b1,5s2wrd5w,2022.0,51.0
4ffb0130c2e19033a1696c32dac2239f702c8dc4,wnk153rc,2020.0,48.0
7e27d24bf242671bc32115314d349a53abd5542c,blzz1pfc,2022.0,5.0
527311a925ed165b9186562f0bba8826a90b184a,icfs8smr,2022.0,2.0
0ef957a487251f893670421ae456a2d59e037138,8o4n1htg,2019.0,7.0
0d2c38b39f73003ec23ee3e2382e319e20bd5d18,zsfistxj,2024.0,47.0
fa02cd80e87cec4c78af29e5b9e754dfbe1922fd,8oge7ywm,2022.0,17.0
8afe1a3072bb8e42ae91cc6f1fbf4b662be74178,hg2keyz4,2024.0,71.0
58bb24b72fea6d0ce172bdaf9c2f16c2bd7649e9,qk3okde7,2020.0,15.0
fd4ea16ce58f623fb3b51da2f3dde01a9f8936d1,9egovtjw,2021.0,1.0
8c7ed130efb8dd61213784ec9e88f7681944a40a,jamv3ogj,2021.0,3.0
a3a9bff52be7bf072e342b70d83d23bd9c802181,z8t06fx2,2020.0,111.0
9e574373ef1e8b4ded223b9e70a1c1853314020f,n1d4jtll,2023.0,481.0
35409cff64e718c5a73975eaed9768ed3d27caa7,76khs4b4,2022.0,78.0
a1224ef0d9e9bfbb021278c482c2f4d02217320f,gjv8v5sb,2022.0,81.0
d85d7a205dfdde6cc41f46141756d14348557218,risxm219,2023.0,7.0
c44763df0d165e3fef6acbaf729f625704a427d3,niu5mkag,2023.0,85.0
e56dd32ea2436bdaeef7c64df29b221f013e795e,7r7zirjq,2018.0,1.0
7f3a04972c7f08c1ad54e57e780b8e41415cf958,48bcb24v,2020.0,51.0
1467897d804351ce33d74b3497292fedd9710d3b,nr3s4m2o,2023.0,7.0
3de49d40bde9066c203cd7a04380483f39a907a5,hq2m9d7c,2021.0,379.0
dda118e8154765f73cb8f5e2b1b8daa75faf726f,y28s1yto,2022.0,28.0
a202b75abd02b3d6fe810de4eab6d36b2527bfe5,pin888o1,2020.0,160.0
b08d575f4d8afab06bb7e6fb89827124ed25da8c,sha3j8vm,2023.0,20.0
161e07482a298a126309a09ec93f44929722d3d2,f1zgdm6p,2021.0,37.0
b961c79adab366b370785b82edde1a7cca320726,bqsawt82,2021.0,68.0
c224bd988e89da2872dfcdce32feedeb6e91df3a,pq7m50wu,2017.0,77.0
c56b9e84f113f3e558b1d8fcccf92fbbbf6b5174,c5e5t7qe,2019.0,68.0
2378cf8bb6fb4a9c4cde69d40d423a2b963b78ff,dl74mu4n,2023.0,29.0
170f4e654e96e08d7c3d8150a03229317ea77ca4,wy3odvsx,2022.0,1.0
f884c9cd761732a2b41849c1ec0e0a33585ae854,bscnrvyr,1976.0,1.0
29a32648fe0cb09980697c28176113439a81a64d,h0jaidg1,2023.0,39.0
ce81a788d41bc8c4219db99556bee813f60d14d0,rw087kw3,2023.0,1.0
b3639a751c631deee8bf1e7a6dd41d76d830b47b,wjub503c,2021.0,16.0
67511d61aa96306687751f56979f15c9fadd9162,56n4di6o,2018.0,1.0
82d9f1db6db43cb61fe4b0b26a489a2e72628675,e8xvl6zp,2022.0,1.0
0d25a53184a9c56084416b292de9a8fef4b27347,z8givr1p,2023.0,613.0
36ab504f16b6ac49194da43d03171f5d32b80a9f,drnhshgx,2018.0,1.0
5aeea559f7f6ea5747507f55b9d5e5b5787e617b,bvqnql5a,2022.0,29.0
e3b6d42ab070a148086478bb980a6a30c4d16176,k89njq2q,2021.0,13.0
b2a944853e0130244df5af15e675a1c9773e691d,9kn028fo,2020.0,1.0
211ffacc2cb4d1a68616dfe125b89377fa76aa63,rvupbxkj,2020.0,4.0
9d39f163d741e1fd4c0376735319d24d68a8ef51,av1qdwlw,2022.0,66.0
56266342b01a4f2ddc28a1e8401dbbad105736a5,hsr5ss8y,2021.0,29.0
94deb62af3054c49e7d80bd7eb3ed5efe990fc0b,m2jkvarr,2015.0,16.0
3b217403302f9cb9d9685404c7646de7bc0db428,rsuxz9am,2014.0,275.0
4e6bba65f7636a655c778a3e54cc58e148468963,b09ejfyi,2012.0,15.0
a0d18dddaa995b126ad373e33767b9b881d16b2f,q2qusvux,2020.0,3.0
4d1fdd81f033cd58f3723bfc61e7d12079647a7a,dq9ga3wv,2016.0,1.0
b52db9e41e15f76bdcfbe674abe0314af545c430,lvj2stb7,2021.0,1.0
dac7344737cb824634f757aede2dd46a6eed204b,j8fmurxp,2014.0,2.0
752604994a7ca548ff2954114fc61a501d857b1c,8yb89hj4,2017.0,70.0
8bba999de25bfb288b3f7f88e1d907aab02638b6,m8ho3n2y,2020.0,120.0
fe44200fed05f9a7c656f2245deded8fd5f5e1e6,x0z6zard,2020.0,7.0
456c011594ecacdd24298a161787389ccbe4b88b,m5fx1gd3,2020.0,21.0
b34fc78de28be598e21118d7cb9d84d63374addc,0l3a3pqu,2020.0,8.0
f12930cd5f58990badc1a7c5d2749cad004cfb0e,f43y7cli,2021.0,1.0
f117c6f12d067bd66dad40996b3931c069daa2da,rtqqkk59,2012.0,36.0
1d174f0e3c391368d0f3384a144a6c7487f2a143,b6orivsw,2016.0,104.0
8b417c2be7a7707f372049fb1193f0d42f799562,f1wq18lr,2021.0,9.0
178571a5cde984c895493e2eb6c5487449d055cf,ysixxm54,2021.0,8.0
48fc9c42522184c652742255fdf31f7b9ed7ebae,a72ob2x2,2020.0,13.0
1bc34cb22131554ba18f6ba9e6ede5beb42939f1,vfufsid3,2015.0,35.0
efca2a32ce9c7a808c2c3efcc2c3dac032dfc8ea,3wd3axyh,2018.0,1.0
4b06c7e29280b1c6bc05c9df39023b48fef02c93,0zi0i6h9,2021.0,1.0
aca6d5f3866372a4506cf15773ae298f18c3f453,o2bcbkp3,2020.0,7.0
bf69c98fca9a9f6c1cde871beddbcdc668b77771,gcou9iqr,2015.0,67.0
1597449a7f64b6bd24639b4deab96c8a8c184177,ac930esu,2017.0,94.0
cbad0923db89f23febcbd6192ff4149289ff2ad9,qzjimki1,2021.0,8.0
80dd97954ddf3edd22d4cb21f0ac31b7ffed6bbf,tae1x6wy,2018.0,6.0
41d4e093d5f7ed5aae1aaa9eb6c037742e4cf9b1,b8mretmf,2022.0,9.0
10d89b13a6309a531c35701d37d3bd76a27a3942,ialw1rbc,2021.0,53.0
38f5b53b49be555430f33b8363910191a3df1d14,jsug75vd,2022.0,23.0
16575f23ff879e6353a55bbfbbcc54e27606bfc5,88ljw4f2,2018.0,126.0
73d4accea441aae2373828a8dc2175aa2759c38f,8gdc6d2o,2021.0,19.0
b904dcdbd7c7b33938583f2f57d05ca70e121ea9,7tztpbo1,2022.0,6.0
bf5a42b53d156c0811e88e60d2a49f9fd9367cae,rd8mvrt2,2012.0,1.0
78aab73ed574393ab421f25b3a0e3f7343e64748,iyitn6tw,2022.0,9.0
933baeec555352784848a93284c9dd0e79477759,cs9el9bm,2017.0,153.0
b473e91cbe80c8b46451b49153cd5f93030480ab,jkc788jy,2017.0,70.0
37b0a7a6c8fb26e32b9206847e78d521a2cd5900,0mfzu707,2021.0,8.0
02a88547d6f6022bebc9aba6723a310cdf132f3f,usfi8bu7,2014.0,56.0
91b63db746becca15090963a8990dfe2b5103799,flzy7slz,2011.0,1.0
ccca203382e5dd198c089a0f1d7af7bef0f694e9,fwp1kjxv,2020.0,57.0
391a5f286f814d852dddcab1b2b68e5c1af6c79e,qukh18vf,2016.0,26.0
8f0d7df1e34867682d0816a38ef4a9bf4a74509c,6c4gotuk,2021.0,8.0
bc6dbcaf4d2c76e618ae3f1043fd7276cbdf7f9b,zoyufd2p,2019.0,6.0
85328b4a8132bf4299f8cd7f8e79e850d561c8fc,mpef1wvz,2022.0,59.0
3a74bed911ccf213d9595b2b02a5b1c4ac4dcaf8,6avcrof2,2017.0,33.0
b6b7fea1846e85ac1e3c7e3adda6e65b127d0368,xfxcwhjm,2020.0,9.0
9198d6ab8ad1c6f1527a7d4adf06809848bf23c7,3x253av9,2020.0,11.0
92fd5aaeacaa332a725e72647e20baec5c73b73d,8nxrgv46,2022.0,6.0
cc017a62c605a0749e35a1264a46d62e78fb68b7,3tpylmi6,2019.0,32.0
27b42af5c3684ecd30125ff61dc2eb600f8cba68,yajwx37z,2020.0,178.0
8636dec409eaddd4ff9c389381465470ef120052,s88yzn83,2019.0,7.0
bc0a3f270fd55ff76b8a01000b28aa5f615026d1,3d6reab0,2011.0,1.0
c847e7a0430a475caf7173cafb02cab9367779b8,4v2o5p0z,2019.0,7.0
7e06f721d0d061d7db6b4d79b59d821c5d1673b9,gmcebwsz,2020.0,28.0
8251a58c62dcdbc5f2e4aa9d9944638c21be0020,utqf3qzd,2016.0,1.0
09a740aca5510c8cd5dd5a7474d6c1dcae08eff6,pp4mq7xp,2020.0,1.0
2b6e67582e078eec249f9acdaec936ab4427d6ea,ozc2h1h7,2012.0,3.0
505b2f4f5364ec43657c13932b334b6f1f3fc7a8,c4mundmk,2012.0,29.0
f039cd42598ed533333b4434c43c5309f6fda2b2,w3o7e5qy,2020.0,26.0
64d2fe89ba7f105cb96796742f4dcbf4e56bd2ca,n1jwcv3d,2011.0,332.0
361391a1f47e7817deea9f8f40146a766d821690,rm5c0p52,2012.0,14.0
cf570a373a4b52a4095b1e743407176fc4582457,e76g64aa,2010.0,1.0
f1945a113ffd733f809d1b0cba56f37ffaf3eb00,4djfw3b3,2014.0,1.0
2cef702e6cd1ada90c6ee7311825ee978b81526a,2hsr4cgo,2012.0,19.0
5922c07787f80c2ec1dec6d4035ef6fb93aa53fb,wpoarxwg,2020.0,214.0
a4e32cd09d5bc25b0e072b4bd1055bdabafaa6bf,t8s2iwtw,2010.0,88.0
94d20254f6a5ed3102d95eb55b87b62b2f731108,6hnt89it,2019.0,7.0
a203cec35c167efc87f2ef83e088198e9d90e749,odl6n9xa,2020.0,25.0
b73406d4d31c9b2b594cecf2ea8b96f75186a040,0e9tiww2,2013.0,4.0
85eddbc784d68852fcf200edb6cf7cfde4a3aaf6,cmvf3om4,2020.0,241.0
ba46424e0da87f56dbc5838f671bce8824066171,wr18la6i,2020.0,62.0
abb826f40ce51ffb1154231640c35537faa0712e,olwc9cer,2009.0,58.0
c814d3840ea1e80572a4ccf648152fc6560d8de1,n89fkls4,2019.0,19.0
4a479bd99697d5f3fb433ac73f39c17b7750dd04,tyl2qg5i,2013.0,41.0
6a4260f10b5af738f1f46a7dac1c707e1e39445c,8mq3ssoq,2018.0,10.0
f599d13c6ccabe582cbec207ff8b85df76b915e7,butd7q7v,2020.0,275.0
a4b2fcd91638be1f98b0b49036ddf4b9d4aa196c,gv0jal5z,2015.0,1.0
d5adb6df5a7200d354bb0c3c12d4d27021eb9c4c,fzuf1bhv,2016.0,44.0
0a9b4c9448b726af6ff8cc89d77fe8c6036391f6,8arv50np,2012.0,33.0
55507aba54a92b31a200e8112f088f5c356ed7bc,8nzz7eeo,2012.0,31.0
5770b9257c90a99cb529576b6ceaf16f07730177,mx8h3l8d,2019.0,2.0
7fa072fffaccb9774a51607d21be85500304924b,w2gktyzx,2021.0,21.0
b39ad1ae2cec0ee403f84fa26cfca0a98af9dc5f,fkb56o0e,2018.0,1.0
cc137d03d4451effe4ebdd5ef5847578a459edb4,nvxm8yrw,2020.0,1.0
279408b34d9c719dfd364ec293f3cdb2b991ca54,wwrwtfjg,2019.0,93.0
0ac065b6199e67d01c48f3f399014cb39bc3f8ef,hr9zy0uv,2016.0,81.0
fcfa5a4bee9780fd0433b912943db70334ff62d8,rdf21sp4,2019.0,10.0
5b36280f6ecd8787facf4147b42a3271fed67b18,rwjup57t,2020.0,90.0
c95f9d2e505c5b4cb15511dd2de473800b2e82ad,2zbn8ipx,2020.0,1.0
62ce35108ef0a816ba1929223f511c976079a300,jr2uixdb,2002.0,10.0
fb2f91d175b66e2224d691443877c3d144b63293,c4r77wsi,2021.0,152.0
0740b2764e5e437b297ac0049a5765749b68549a,jgkhym71,2011.0,63.0
c8487e05c5a8a4099f814420df5b41eccc60275e,k1r7uw6z,2013.0,34.0
745cd1c084e7d1e100a78f49befae4ede3d5baba,uomowesf,2020.0,5.0
63a7877bbe0f389939dbd78c2560e941ebe2de66,kczuxfae,2013.0,104.0
528a5c6a07f3cd5dcff2d33382bbcf82cc709a71,cc6itzcl,2013.0,35.0
1d1bf83f34b7b192af837cc853adda60574a389e,zogkl6z7,2014.0,32.0
6def0370e9733d233991d862483249e556501972,jcxhr3pj,2019.0,56.0
5897798666a7090952b0b1bcf448976bebb07318,av8t0jp2,2012.0,23.0
fe2bc32726726e1086dcfb34f95834d9334c2d1c,x5ck4bsq,2016.0,176.0
bd20055d314fa7ffbee9d702dfd5e4fd99257c62,go09jsh7,2020.0,44.0
e5478d9ad72788d8b75060f814ad31dccb790cdf,2a1cgsqx,2015.0,1.0
c1787db25af5614f41e56938aa594f2dbb1dca07,fgmxqc3h,2009.0,24.0
d04c8d846dfee05e310fbe689b2bbdc0b0ab8de3,8s8nzvo4,2019.0,178.0
106fce09c874f1e2a6a4e0cff273cf78260363f9,78dtbujm,2014.0,1.0
a73aedce7a56c49c20d169d3369926cd8d028152,d0h4ew3z,2020.0,11.0
b91334db900b1c066ed5c811c9e5eea57a7e7b08,b1bpiif9,2016.0,195.0
9e6be8ee7d816deff953cb89b27db37413d9d604,8zbq385s,2017.0,45.0
971acfbf40aad7016b587993ca8a939eeb40dca8,t9zkm9pt,2012.0,45.0
b305672bc79f2d6059dc4ad8ac6f5624eb851f71,gvnd7zrc,2020.0,151.0
57910c108012e7fd66378ce8440f8667a25adfff,vdyd7oy6,2018.0,22.0
c8bb4c1498b5b9b63ef822af0623c3da663e62b7,gjats7uy,2018.0,5.0
879d3b9764720a750bdc9ac2e6c8fd9dad6dc67d,3y6lckp7,2020.0,63.0
558b5affa6c7021ca87db1622cd7fa255622d597,1zvm3kip,2012.0,33.0
bed780ab9d6f1f15ea9cba494341828164ab92cf,gentzkby,2019.0,32.0
438dd8e4891c01de85017d47e02b84fbae8d1405,dqly4pnp,2021.0,11.0
693c7b81279f4bf317d0717ca2c5b07ceac25d8a,rx2yna5z,2014.0,15.0
6213914e6340b33f90c395111b187cc93c3e3726,wedhr4tr,2016.0,533.0
09f8d6729197eb93095fc4370fe84ccc534a5a55,kij7w0xz,2010.0,48.0
18ad7c9f4de611f9edd034a8fc2c1fadce4191c9,5g9pgywc,2019.0,99.0
9c9cb4d686369e23385813e9320810afe7015335,p7i1lk04,2020.0,2.0
23cfa973c3e131ed578ad2503c5e0559bbb83f10,qprz7bb5,2016.0,88.0
180e12d23e0f8e7007bca07be469fcd9522a7a8f,ndcftsis,2013.0,29.0
36a30c0507c3b1b7944288589ee6e92f3851c16c,tsx1jiku,2017.0,550.0
3eb14a542d45abb8c294044e899629b0aebb4711,jlghgd4u,2020.0,396.0
f633fb0a195b2f81b7cf343c70fb0cc85ac6b730,d9xceui9,2017.0,135.0
cd8c9fca3eb140aa3250fdc41084ef3f3db51821,674kqugt,2019.0,41.0
de0e0e8972479b07222b9dd978b45a5e64acf99f,tgyte897,2016.0,36.0
a8d9b6acff2b8f2a20b082e08d09a422d59f776e,ayemrnyp,2018.0,30.0
04db5a786dc27e1d80c41f55b32e76083da910ae,diqv9ped,2020.0,1.0
f379aefd566aab5bfefb99a3a921d36e46d059a0,l57lmjy0,2020.0,17.0
c09e8ff287fdf58afc5ac691c512a1b33dd799f9,to5jhofq,2019.0,42.0
a7a407968c13ced804a063259d72315a43b84f29,00fsok45,2020.0,8.0
499f63ec9ffd0e343014dcf93fa0892c07f9d6b3,zbb7yvy0,2021.0,19.0
cad44703024c5b44fd8d9625cfb66f5c68edbf3b,7lpfqwku,2014.0,57.0
8b77cd55a39c4c8c87f8a6a6572078e247630829,7jzjksv6,2017.0,5.0
bcccf3a8499bbaac2fd809c43ceb1be96b59b926,lpezj2db,2021.0,552.0
b9e1fed59fffb9f93921fedced533b4242b43f3a,tywze6eb,2021.0,3.0
6f4da3638ac9a87502c7a43dffc7be1bd8252a99,1wu8xveh,2020.0,57.0
9569b51674a032b3255e874e85f508a844a17183,d3m5fh82,2020.0,408.0
e55f8bd550e824be448be407928d10b04940d8d7,aa4is0hl,2015.0,96.0
91e611c3e8705002438fb4439733e47ddec85b5d,lq6m9l5v,2020.0,11.0
a44bf845f06f743879d57dcac2271b07ae502af5,8qqrmvpy,2021.0,8.0
9d75cc322a4e06d0a3a868cb91b04219a289c12c,cy7nhb31,2017.0,31.0
bd715d6c567780442145198a7420a1fa5b3a0e0b,3tvhe5gf,2020.0,17.0
8deeb6091710caab295d66a1d9fa2485a83b7eac,f6me6p8z,2011.0,55.0
6baa279953fa1c34826ed7f2d67ba5a7c611fc0b,ae9qqxh5,2020.0,7.0
57dcf50ebb13f7480feb75fbf7b22204847be669,jn13ua42,2021.0,33.0
8d2770033ebf982e6aa9b3b7e2fd3f98cfdffcba,4sr7vwoa,2019.0,59.0
bd90a7e84b8f93e49e5304a04f08c9b5fbe58a9f,fsy0o39w,2021.0,28.0
be264d4cb585847f5e0655bea8acce00faf1cec1,5xpo79kp,2021.0,56.0
109f6c2ea18058cca7b9cc734b30dea6dd64cac0,n61x2ibn,2013.0,14.0
8e641ea510c06485f33a61ea65555cf791efad2d,djfc9ls0,2014.0,57.0
25e41aefac68b248bb781aed7ae9cac6723ee04b,5lj7lxsa,2017.0,57.0
0fd782087ce314d56096b261a31b32f6751eca47,2hr2yv18,2012.0,33.0
700625151a6d41951a36dac0be87fbbb94445798,oobf0eh1,2017.0,543.0
d05d86db86a4ac0d95e6dcd951b42a9651939793,mrhcez6p,2019.0,7.0
20b5a2aacb69c348bdf6b97bf66a4622ab7e9e36,x2c7a4p1,2021.0,51.0
21db69e57a81a20ce75beb2b29a93812eb14baee,qjzomf55,2020.0,10.0
31c186c33d96b7a3d4a77b1b6bf09a44437fa4b8,3d8usawr,2019.0,7.0
b320819c3c9d861e4c4e7663bfec9ca715dce11d,2il33jnu,2014.0,1.0
f0251eca32833ffe9fc0e578edf7d4a4832ac7bb,ov72thei,2021.0,33.0
befe585e679c7fdf2f9df84b87fcbdc289bb14b2,b0vvcetu,2020.0,1.0
e8b1d24ab0457667a5bcd549f67eb7e7f7459f5e,94coxi0u,2019.0,42.0
aad7820cd6d4920e366d84cefbcf643cc053a6b2,bb0t5wcc,2016.0,19.0
4f55d6d95090c46b65d40ca3ea027d6113a381d6,9ym4hk6v,2016.0,11.0
f8e2cd820ce83be745b764c66557ae6a986a2bcc,s5yjzht9,2021.0,24.0
0a53017906248d8f0d388a00e92ef2649198eaa1,2ua9lfbt,2012.0,6.0
e0b57d874d249c3cf9d21e0d719de05a4758d494,mwnqop27,2016.0,90.0
555c0d308a1c9faa089430133566bf0dd6e4613d,f5mrwxcl,2020.0,86.0
a29c7cccaf5fbf06d3edbe629d32a06319f98bd4,ygrslvfv,2022.0,24.0
8016a1c3b31a05eb229ae0df8ddf5e58784da6c1,2lcrvzcd,2013.0,25.0
55abead7a50ae20c4848d6ff14952d3669e9d409,5owjst68,2013.0,34.0
bdca6d573cf0b2eb86ea495ae9aaffc7bf418ca7,fy7wtknq,2011.0,66.0
804b7301d0b6837a8eff365b6ea1ee070820aab3,j4mor26s,2009.0,1.0
a039b14b20ba84d10aa4f235e68705e46cd30f4d,ogskigkf,2020.0,70.0
01d8fce90129787f10b7b408e90a8c4228eac2f0,erfdv6bq,2019.0,98.0
6c92e3ccc96fdee71d680d0bf0276e00fc01b413,f9z71g9l,2019.0,63.0
438c0a37e7545e836ee81c519cedf44f0702418f,tb5ap2wg,2018.0,15.0
b133c73fd3ca99070a1a42d3974e01040daa2fa4,66cbr50w,2014.0,285.0
edc9c380fd142fb7b0c6a8ee5858abf038866cb9,vxh8v5kk,2015.0,10.0
0b04f080f56a99c97c9bfbc3fd7317742d161014,1y1hb4by,2020.0,73.0
e0833220c257bdf31fd99261576cc7d4129adbc1,d98s5x3f,2012.0,18.0
0023318fc6f4533280d1277314a24fbe851b6bdb,0oxcsisp,2013.0,6.0
b84835298e9145893f2c2b67653921c239a489a0,p48gr4pn,2019.0,32.0
2a6a79ef4de1b986b71fc59c012c69d199a76d61,l7lj6496,2009.0,2009.0
8863b5b4ffb29c14424298431e9012050ddf125f,59her4n7,2020.0,7.0
6b88333518c780a60a39732b1f020cb1cbd09260,xlbsvzsp,2015.0,1.0
820b4d107da7b85efd53e3fb57fd981e6fb6d7f9,qq39c855,2019.0,786.0
d145803c6d4c517b1ebad137507915e7be463099,06x65i2a,2021.0,280.0
d459aaa782a6553783f80c2c4301f7fea1f30680,cd5dkug2,2013.0,1.0
433e0890e7c1da2afb82f2b7c3af40be2be0c2e4,oka3aoeo,2015.0,219.0
c828fe9ea20eb96dd296813ea814092849401f6d,u88ukymd,2020.0,4.0
7564f674658a4e8124c805d0beec6758bb13f540,f5nz48bm,2014.0,59.0
940874fb53709e54918ea91f6d00112fbed5f01b,2nfx4wql,2020.0,7.0
46c2b5e7590bfefa78c0e71970b91c09bf3a4b0c,z1psnn2l,2020.0,14.0
1be2b20d5ad1c4602a7ceb972ae705c5c82ab591,5kan9owo,2009.0,81.0
a24d373bd33788640e95c117ebd5d78c88e8ce92,d6346q95,2014.0,10.0
8534a31fde1d1b26a52f84ab94a30fe14213e2b0,we6pxwn0,2017.0,67.0
156510dd3d38813784f8b9cb6b380be899eec83a,7ehrfssw,2021.0,40.0
af8d3a41a0d809081b5d1eee2a8cf14601b14be0,0vt6yz7t,2018.0,392.0
83711c7c682c15bf8edfe01668aac50ee2d7edb6,z9w1ry2g,2016.0,63.0
1c45bfad2900f553364b9f877ca31e1ab3a310a1,wjear3vc,2015.0,81.0
1034bfdcdfd1ae0941bbee4660255a2130f56bd2,8o35bhdy,2014.0,23.0
98640df79d2ae2823f7e437509623b726c2bc592,nlrnwhi3,2013.0,1.0
e9873ec85e1994a1cb266dd2f8e705ce5534be2a,8cood0s2,2014.0,1.0
9278112571f5424ee1f05726b6432354cba00ab8,mh1tvzbi,2020.0,91.0
16165b1e5f91eb27b0104c9d87d8940f7d8e2a7b,7sf5wbbi,2014.0,58.0
1828df9ece545999069554ecf0bc77fb87b6c044,7s7uertz,2021.0,181.0
9d7b65e15382e009a9be8297a628737a66327ea1,yck0dgqi,2021.0,24.0
1b117efcc4e13c8d87833e02c32fd5c4de751c67,4xyl4bvy,2015.0,11.0
0a129ac454bb0ee0db54ff84b1b92bf5fd0c902b,7pcqsf07,2022.0,1.0
9a71b600cd1505aed6b0951c2917a888c2666e06,adnwg8y3,2012.0,83.0
43366ceccb11d03f3e413ba4b0f49808fce7f582,bzay7u2l,2007.0,1.0
f22ae66b083183494f2ab0f5c7758fb03d69b05c,7oipp863,2012.0,2012.0
063bd3b1e93a14ce47e8ec30b2e7122ac9744e6f,qm0zuw7d,2016.0,49.0
47a98e9702ea9bb4509a6a3d9ceb0b624499fec3,tj21jki2,2000.0,52.0
de3b22bff59655a4dd79deb93f9dccbd7dff4118,cstax027,2011.0,61.0
13d26cb340324445ccb0b7786910d5aeaab4e6e8,4smlwpnb,2020.0,8.0
77f7ec30897e3b03fd3316cd23c61c3b85c775e8,flon99lr,2021.0,35.0
d128a9136fb65ff8fa5f283da3c8531362e97423,7k7pbn1y,2017.0,4.0
5a6d393d96d9fc1e4070c374a34cf7eec1366f5f,hkfp1iym,2020.0,1.0
f3c79f628a7a83840a200ad47aaadfb4a2531a35,5rphwa78,2020.0,22.0
72cf27dcd51d690887dbf3028ad2c2a700019921,mweo2dp3,2021.0,27.0
96eef33dcf16e39744ec4e2ab959a82c2e95b9cf,wtoprkox,2019.0,10.0
e19dbac6d2cc85d1cc55de42ae34ab17cad11b65,0k0pmvm5,2020.0,10.0
39731f9ff7b8e00b098b9cd4b9e57389c60f3eaf,vadh7vgk,2020.0,22.0
3469d924818d1167b3ba5ba850f03c2ccb50638f,esiwxx2s,2019.0,393.0
71173e3fd204a7fedb5e04d5bac16904920c0565,cmr5szya,2013.0,43.0
cf1b27d032868a566a77fe30c8bfde3a6d65a99c,x3ea4a27,2014.0,90.0
43ebefae0229aa1a9d241e69b4c8fa4af66efa9a,4i5qchnz,2020.0,33.0
3424286d6d39de51080ddd683646565545d015e2,8bcjfhwa,2006.0,59.0
8023e7b54c4fa207b32e9bad406f8224816bcb86,sg1v3xl5,2014.0,2014.0
e29b85ab2a15c9e2a8711b66806cbfa5bf1472bb,3y6deu2e,2015.0,2.0
9fe91ae98e6119dd6e0efad3c5b5f2f654bf0107,qjsyzkjy,2013.0,62.0
088d42d17643244a9a326563e2b05350826f2167,pyu59k6a,2015.0,2.0
784130044f57e5d8b3235ba3b82cc98540f920dc,kp0hbwen,2015.0,347.0
adfcbf41d0f0c0303476075401355df6aa16110c,t2uykvxn,2013.0,1.0
0774d12bea6ebdb497242405d76be88c78ebfab2,mwkmfq6e,2019.0,9.0
61cfcdf15ff3f7d888381df69d789e7dbe09052a,xh5yz3jd,2020.0,12.0
30daec40b05b1ec9afbc97d53e0d1279f5128eaa,qj0mhdyu,2016.0,36.0
4556f3f9463166aa3e27b2bec798c0ca7316bd65,fqu4svf0,2010.0,21.0
d6d74d8fd12e4ca748ef6054276c03abfa7df4c1,if70pqq1,2013.0,4.0
131cef9d6caf65a8cf7ad6b771c531c409e8930d,pta2xodw,2016.0,270.0
6f14f7b9ae27b34a47c7f203537386ed31ab2295,n5bul8pp,2020.0,1.0
d918db1daef1eb14294d310d20b1bce38f11e610,edso5h54,2021.0,80.0
2e76fa107c50485985487b03a601eb0c11894193,z1gkgsi5,2013.0,1.0
c663bbbefed5d9a89ef8d66e56f32576cee37fe6,q5my689d,2012.0,13.0
b0395c89ce6b5837fe45de7da22cf4723c5750ab,x7byuyfp,2015.0,1.0
9bc9f67ed2093e6ee134ac3629cca741276b61ce,kzalzcw6,2014.0,52.0
d331afae2ae92227ac69b0cac238cf4ee40c6664,ew0klzdg,2012.0,56.0
00d681cfff7f0224ace607e515f4ed510e792df9,4cn8a05y,2014.0,343.0
9eb24c4543826539412e9d2a90399cc2a888b553,w1cv761r,2018.0,29.0
8bcc25651b62532f639fe713da9d7b67c742d562,l0q5i0e6,2015.0,2.0
a45d5bd5b326f21148a6471ae24916b09fbb7d6e,mv6imznw,2021.0,71.0
9cbbef97db445bd9399294b6f5cdb7014028db27,5vy0mdeg,2013.0,14.0
bbb9c3119edd9daa414fd8f2df5072587bfa3462,a59bubl8,2016.0,59.0
23f2343d3406ea250e0cc929aa9104c462251470,3ow7rjy2,2015.0,68.0
ff2e999357bbcb4e9f27de17697e21e9a9b53597,kfcq9w6h,2021.0,68.0
bf2831a54984374ad3b9f0263817938a7df4bd82,wrfglsse,2015.0,28.0
98ab5cc2d8af0ddb122198acbfe50aff8a23059b,3hrq8rx6,2020.0,78.0
8a52af5af74657d5f9c5c59d95a47ceaeed9b6d4,1paicrlq,2009.0,14.0
0bfbb24fd7b39ae118e1e37cdde191f323ebe6d1,6y3trzml,2020.0,87.0
88854ae644ed065674175e7cafb33f28c018a203,7ascwwbm,2013.0,1.0
b3b34eb5c72ea8e54ae0d43c177a67345a128b47,cpmblbvn,2020.0,58.0
c70490db33fc0de7878a4457c1f369d8ebc52075,ag4q4xt0,2021.0,42.0
8d1031fbad647c0a69762ee524f23fe978bbaed9,657yhom5,2017.0,95.0
21b449c01bdc488f819204869612203c1b368795,cc9fwuop,2011.0,1.0
22d6d9c1b7ac2738b51d93be45ac8f753f81867c,2l1eymdp,2013.0,35.0
82bc4a2195f39db35f106e8e5880f16ec91ac57c,g54v8nso,2020.0,107.0
e26236a85d42e0c530a592b105b125e245b9e176,lsbiplt4,2013.0,7.0
7b6ea9c9634f01d4a4eefa67f4401d79598a7830,4rc9r0rz,2021.0,165.0
9c1b9598f82f9ed7d75ef1a9e627496759aa2387,hpzhe6hw,2013.0,46.0
6b6964a1d61ecd8361ed0aeefcce6245054f8e8b,r9m5osfq,2020.0,33.0
7fa92483671d21ac56a1112f0a1ebff8a0b14e1f,6jj3klr3,2019.0,129.0
88500d702a79a1d4e2200b5a9138415c4255cd80,71b2gpl3,2020.0,47.0
123505ca9c7e1272ad10d89a3e7a4caa89716395,cparfjnr,2014.0,22.0
44f1c3aa7090c39fc80a9b490cc63e6921136220,yx1noixz,2020.0,35.0
d382d7440042bf159509101b2b618842ffc29f9b,i1o317z3,2020.0,29.0
a0ced57c682613e42c88a528c7b387f566152185,904pkqph,2008.0,1.0
020bb2ba5f3923858cd6882ba5c5a44ea8041ab6,xh0esw71,2020.0,44.0
d6625fe9c842cb2ae71078c0cd26ae04061b2d64,2xamuo6c,2019.0,31.0
78dcbbaf53b95e84e3b6c1f245514342e650cce0,sxwf3ros,2010.0,1.0
348d4fe0ab49cba6e5b0216de51dea3753d0e2b2,bzxeops3,2016.0,10.0
29b053c336af2189e3d050fd8c23f81e2fd2a8d3,6obk6y7c,2016.0,36.0
6d2dc2030f5df8b38770814639c0cf99e9fa5f81,hdgdrtib,2019.0,7.0
407388e4d16ac19bd04ed34114fc24cbe81b93ac,nu3ybaxf,2016.0,91.0
a05bf3d8f3f6934b446bbbeb9c7f192f9a7d67c0,yci1pn2b,2015.0,138.0
a5400a6f415d65aac1312edd2ca6b7361c241f85,2zqs9b5t,2017.0,5.0
4192f39023f0bf9e95053f36fe10c176b08a2bd3,plzx839t,2012.0,56.0
fb1572566c94a1b88c8b4dd5f0b50c4650a13e6b,yif92915,2022.0,7.0
5bed7d79f3937694647f5ce30796df053ef54be7,e386vcx5,2014.0,11.0
010f65dd2fa979892a8229db825954871652fb8f,mo8tho12,2018.0,1.0
f454f6b5f2ca9749ddf442eb5134612ef7f758c1,i2aublfv,2021.0,1.0
dfc9a41b07d4a7b45bea9870cd763a35c0b6bf8c,f2z3dhde,2011.0,333.0
ef2afdce9b71657522d743178ab39fb03a394647,lz852e4i,2020.0,44.0
5cf7cf8c54f5b80cc566d526034ec12c254a735d,9nr8736u,2020.0,7.0
10af176ace0a857f35bbc05a9a7270d29c5e9eba,d265ngnx,2017.0,6.0
dbea809be4a59c9b6e9ac0288fc0a9adbaf56621,4wimz9ef,2011.0,1.0
140c4b0e6c84914b171d55d5818702341f68b9c4,dbusjgf8,2014.0,52.0
07d4304493c19202bb172660179734b522314b71,f3kybpfh,2012.0,3.0
7abb451f13c899cfea0c0a8a3061c2ddea5c4bd1,2z5rddsj,2012.0,8.0
582e52cfdb452bb2fb66bd62de85e64f364f28d4,t2f6pt9k,2020.0,14.0
5d0e28c5a5cfe9820802ab6ec3c49f6927555af9,9s4e7xel,2014.0,31.0
021660297056b96ad3182eb0c3da17ebbe1f4c4f,371bd2jy,2018.0,12.0
32a6b93248fb72fd791f934a029ac8426fbdd516,vd0oier2,2019.0,2019.0
0ee9179b57c6f9f4a8ae0ad70c5f507df7d731f1,cg3jisvn,2009.0,8.0
2b59c011abd6f0df6b97df76aa64716ee06517a5,io8p1p02,2020.0,61.0
a0f66d05c2ae5342f81634a670aece11e12fb211,osrjlhck,2020.0,1.0
c48e0bd0f36c25ab83befbc7b7da369b75fd25f5,gy8q354c,2016.0,4.0
e9e7cd50d40dc1f7c8bd9f551005a1bbca4c654d,t6p0sc63,2021.0,302.0
fdd1ccdea15d3000bcf66a45d64d7a243006b021,mjuttxy7,2016.0,65.0
114d9e30d388fa5b74797b864d092a0ee63e5b27,8n3tmdf9,2016.0,1.0
49226b2a39dacc49ec5aa3ad7523366b4d25dd27,7cy5zcwa,2012.0,55.0
5ef03447b4b1e305ea9be225616c5ac2d4d46ab0,9byz4wah,2020.0,40.0
9263499d59fdc184ff097b37d0b00a35927e4632,hil5fdk7,2015.0,1.0
8566f36d7917d4bd5705e1f7dff39197e2d22817,6yio4uwl,2017.0,13.0
9a5d435d62fab9dab856cec78c6e42f5cfb67851,h7zf94rz,2014.0,1.0
5d55ce7fa18583b81ec853b521c4ea07a30c0876,40t1hfx6,2021.0,120.0
7cd16cdb3abb5e08ba253f1c403598c055c69793,c3l3xugm,2014.0,10.0
9d1110162ab66dbea0c839fe7798171469501c21,8r92bqyr,2012.0,1.0
8b04d90ebfbc773056449f96402f2fe15d895600,exab7l3i,2020.0,58.0
de27acae4e0cfa4833f71024c265cdfb49fbd80b,deblg6ws,2012.0,7.0
e50bf4ae589d0afd8ed54ad357c0ace3acb668a6,6705bdiu,2015.0,2.0
a3553008be341b9167e2f793fb4d440403217c4c,t6xwu44l,2021.0,136.0
f1a45c16fc1e3e36884646d1b50239fcedacdb7d,ic27wpg1,2019.0,393.0
2533dcb5642df1aa80176912de81207e62f9a397,1bjk9x6r,2015.0,26.0
a462dfbc2e4583479080741ec9e4c71396d04394,0xj0uy50,2010.0,1.0
bfc1c08ba71294ce5de5e131561cfa7594d64a0f,8t94aki7,2013.0,110.0
544ffc3dd1018a26469966d80aac49c5da1115e2,pplcq05h,2016.0,21.0
c15805b9e4a2f6fd25dffbaeca324eb067a4dbfb,ibx79sdh,2020.0,34.0
029088ac7288fd455df8e5469952154552f86a2a,qvlp23yi,2020.0,94.0
8b0bda12424d4373f7e6eab5276a91cfd0cb6200,pfsj8isu,2014.0,33.0
9c42f726882b0ab4539afd34b546ae710aa1ceb0,1kjlzafj,2013.0,56.0
33c95f4d13958e65e676a9cd64bd4d8df0fdb44d,cz4pyuyh,2012.0,1.0
123d00c6a664ea6d4da57d0d89d980dd02347c79,rcmu4kjk,2015.0,9.0
54e6f9d23f16dadde1761bedcda13ca84072c04d,jgms5f3z,2015.0,1.0
7aa5c0ff59030a69a3db02d37750d6cd508e76ac,oxcbb6ce,2011.0,54.0
230776e4c20c0d70998289923565bc928da32125,87n6xzsm,2021.0,51.0
595cb1395e5e4bfc9a879c90378bd7bcd697d4b8,s4u42rya,2019.0,25.0
37b71e6a43e65a9f2c9701e5079d6ad81186fd6a,0ilazmn6,2019.0,38.0
9ca4131ce704906414900d52f75b6dd71d24d8a1,rc3dyaqj,2021.0,15.0
b75cf36bac0687b676f45fcd1b3a16d8745adb49,321lat4k,2021.0,34.0
aca43cc3f55ed43a9ce5a0eb7df30b4a8f54b623,sp6ou6n3,2020.0,12.0
49051605a56a9c82a2401f96c3471312d00552d9,fapgv9ji,2020.0,34.0
bc552f33c8761b8e8704dce814334fc9b4108045,jrjbaq5y,2020.0,99.0
508b42aafed6fcd25fef98aae063d9e193e018ea,nggqtslf,2017.0,1.0
f6812452ccec1ed2787075ddcb590eaf10892384,iauf2bll,2021.0,30.0
c19b324e4850fd3eb82684031a59e7cd449ee91b,95du7w7n,2014.0,23.0
056d86a6599429db18a31ec04d037589295e9028,rr619n0l,2016.0,1.0
aba0082174688e93ea8548575abfa4fd60d6aab5,0ddpm30e,2013.0,55.0
49ae02906ebebb0411ef24f94049bfaea3c39eae,hy5uta7s,2022.0,53.0
9f0089d9c77605a1ad872700401bd85e34e2ba98,o1dppnk7,2019.0,8.0
d170328b40cbdaf8c212f78dc465582fca56e6c0,4gib7hdc,2017.0,1.0
560fc5b5d24e92f76578216972401485d67c71cb,9soge38w,2021.0,118.0
44815bffa5cfaa095032496198826765931eb6bc,67zto9wv,2019.0,50.0
24f2cc2b60802710b810a2b6840d6b97a53707a5,2tv0gx2t,2019.0,1.0
6cc05f00c5ea6d9c3b7e7c73334df0983046db8e,8nydyisv,2020.0,25.0
09e72c1ddaa2f5b26f6c3a04583005bddaa030c7,tfhcgz51,2015.0,71.0
4fa6ce90bf1c245bbaad1b97ef4d1861074bd2ed,bsoxc9rb,2023.0,66.0
0bc6977f2c260eb279a7e6feab34910434de210d,t89e9uac,2016.0,2.0
b7262a740e0726c10bcf675559ea912c28511761,wizvflk6,2021.0,12.0
6c45a4d57be64d6c986751fc4969569f7dd9d6df,9jonbykj,2021.0,192.0
fae92216e02f9985aa235ebe51ec1cb00b578a6e,dqk3kho7,2018.0,1.0
547df0f649d5b8fcb64ac06611e5bbe7b14518f7,f4bid1c2,2013.0,1.0
75c203cf1aeed022ae7c15928e0f5bac7b944ca0,a61y3gm8,2021.0,81.0
e5bd499e31c3b1493e21416fc9d6f8a1ce8c98ed,l7b4jst1,2013.0,14.0
8d6376c6cb7cfd6e2f9d53b0b9f091a70e0fc73a,u2439blh,2021.0,12.0
6c07a6e062c0e5bf6715ebd5c2ba0851e57f2112,9ehz5p4f,2021.0,35.0
9b64f980a95806460b1056e91bd6c017226613b4,p32gnxw4,2011.0,41.0
98ec4a0080f897c7ba4b6840a7403b1eae2a55aa,jnlvg6mm,2021.0,8.0
890800c3d6ebbb24c975caa7bb1b7ecc767c29aa,0ot3s7z5,2021.0,105.0
130199e7562b7aba33541e59b40447558816b812,nmvs6gn5,2019.0,7.0
18841e624f4fddd4282e37ad2b29384fa9bc0be6,p9113w5w,2012.0,19.0
d2c059e953a2881e98631dfafd581e61d992834f,f1aqw1h2,2020.0,1.0
88658b2f29aa3ee904c4efaf1116f1f00848e995,fud13afj,2019.0,20.0
f56b1e481f30b54ba10314b521abd973e9cdd0ec,zazglvkn,2011.0,1.0
c68dd8fd9c2cd5e6a636c641931cab34908449c5,i35cw6t0,2013.0,1.0
9a51df7eaf2457b034c49ca8ca4ca3b81e6c08c0,aatd43l3,2021.0,86.0
86366fef19e42747cd71b72a3015b874f756ed96,rzwup3ze,2019.0,2.0
1a342afefe4f0506a8ee678f19bfac93cbd7fb87,0nijx871,2020.0,26.0
b656558175947d339acfba31813aed4c4684ca86,8a1inzsg,2016.0,71.0
fe11a0f7b591251d44d8ee30ffca616f631b822d,hzrafuz7,2015.0,1.0
3815675396c3328d2af7344fdca3df42d2258b8a,70u4r5lj,2016.0,58.0
9b1653e3b57016958d10ff8531475eb0483d156c,5f1omb3o,2011.0,1.0
c58716b6b1c8a8594dffbfa01084c9ec50fc4885,67c02s5a,2018.0,47.0
2f7ceb6dc9d8405151e55691e043619cbbe2886c,j3e22kgp,2014.0,81.0
3e63cc625b886f198dc17f5fbf353153b65d354e,5qj13v8z,1976.0,53.0
39c11c2e7aa513751520c9d9712e71d9549c90a1,yaytwd3w,2020.0,16.0
3965a03ea866423ae5a6a043f888c916cc73ade0,4tpdoq9p,2019.0,36.0
86e060423a76e6e6658d6c0cec44e0f5538bf2c5,1aojstdl,2011.0,3.0
e9921aef6670dff6b3e516f4a93fcd0a201cc2a0,3twg0lee,2019.0,33.0
fccfa2f62a2d4222d1c6a8458e656609aaa0f5db,k9v6jc9e,2017.0,139.0
67ea3cb20608797f5e8798a183ca45a6d345e146,pdhq1mlh,2013.0,22.0
3e803ab1aaa0c28fb6106f1a3b5ab42fe2655a40,olhdeftt,2013.0,1.0
7ed080692fd37fb927bcbb0c97c39b790809cdad,q4pbmj6b,2020.0,1.0
8416bf090759eb65e23dfa7fbaf7ac11c9dd9b09,gpirx7z7,2020.0,105.0
05b5a32d2f3795a9f73a841db985aea2441ed562,8wbe686h,2020.0,150.0
5bacfea96066f8a5e295c159625713b8c72d91bf,ud2bu1j7,2019.0,82.0
7965a3dc43107217eaabca1cbaed1011e0d09312,hnd6me12,2021.0,17.0
ed9e3636c024b24b9d0a9c8c9a553a34ca635d36,7k5c4nih,2014.0,95.0
0b8001f143f94353f4b41ec68276c24df4175d7d,maof9h7o,2019.0,1.0
5653cecd3af3c70c3dbcc18af58d597b466d2bb1,3w238ro2,2019.0,49.0
2a04610f48bb448953348c4b1087fc9c201a01f8,nxronaid,2019.0,31.0
b99b2b33038e72fec702b86187bea6aab751f1d3,1w8dl7fo,2014.0,2014.0
845c58b1790ed36f41eb909608d3d103b3f5fc0a,t416rzwo,2019.0,44.0
8ac0d3ecbe24d458cab199e97bbab04340d8951c,imar5wfb,2020.0,17.0
805f2ab1c5c6035744d647744af58a1359df12c1,diif946o,2019.0,5.0
487b787e6ca2368aff7941c86e39941db83c5087,a47fmy8y,2011.0,23.0
20f846fc514c4b2ef83a2e0764dce29f4ea8a925,o4ult6l8,2021.0,41.0
49403326211c20b3c1ac7f6b6ac2471a11af8f07,wbw24rf0,2019.0,40.0
be78a87bbfc30a540b477087089d106ce2b394f1,fy236qav,2016.0,56.0
7ef08f1fa127af817cdfd9d3bd00bdf60e32143b,sar2hynl,2010.0,1.0
afb1acd9cb0caa50b9b9170e3cd63fa4a6f65478,cyyz2aof,2019.0,78.0
59e258b91748c8b44dac3572ac75845ee52cb649,4vdplnly,1987.0,326.0
05a2f1fe94ac485d9adf9a5bce131b66c56b47c4,tndpgaz7,2019.0,1.0
e69fa2ec8a83fd256f7e5843dc31c125d90360dd,t33f4g97,2018.0,45.0
adeb6bf8919b9b6b458486499b936f649ae31c2b,2f50jt7j,2022.0,15.0
7a2e527b6d51071a54aac7a8bdb56ca735a1f78b,neprkz1f,2017.0,94.0
af2ad9cad35e99a9076b37176b92398a487e057d,rfnnjw2q,2019.0,68.0
7545dd6921d1c4f59b2cabe2994726506fa527e1,p3dirb9g,1989.0,245.0
e50db41ef56a0c33832ac35b269e4b1139903dcb,e95cb98p,2015.0,17.0
5deef74e922df23a636a3fd4e33c119247de8d30,5emhfg2x,2010.0,53.0
30a82a63a339c1e69aac36b23900544fe9ec97bb,z2d1ka26,2011.0,41.0
0d88252e3a8777618d680fbb7fe64f8c1bdd1483,xpbxuq6p,2015.0,24.0
572a5aa00f0569887469ffb7554699c21156ba0b,pvc2477z,2017.0,75.0
c078bf5f00a1bfb8df6bda9bc7fee6bfea6f5cbb,35cxbopa,2018.0,5.0
80f5ee8578ee76e2c17824f211762ffec7e029d4,ufy6o81a,2017.0,29.0
6da3d71dc601fd9cd6b4e84bc947de5474c5873b,0xm200kk,2013.0,13.0
f0db5b28dae48d4e56a2238297f987a38d54036e,rqbkh3q2,2020.0,76.0
1f7190fc294246f83f1f331cc51e3264851d0d36,m64ntiv0,2009.0,53.0
49b0b43e57dc8efe3a92f06ddcb5a7f39da4790d,kcu0mn1s,2018.0,6.0
4f940cfbfa70c67ecb026478a8607fa7ec376220,6u29ne7b,2019.0,68.0
3b98a87a3d4c6935b29380c4070a6c637306df64,y2f78gtj,1983.0,22.0
ff50b46b4e1cc0fd9beb832fc3468785b635a824,8169v705,2020.0,7.0
2b9b4a646c5b86b0fbf0e18cd3bd0f52e06fa980,o6ks2quf,2008.0,39.0
1a620e05f545f9e729e4e30adb035452af40e0dc,9rmnpgf8,2019.0,52.0
8fc928bb430d3f72ac876ca156042ad1860acacd,jaa3q22q,2024.0,47.0
04ee2f5afb0883803f31397aa32ec62a5691d94c,xn2dyinu,2017.0,47.0
a2273a00c023fdc6636463ea7ad505f08252487a,py0xs2iz,2021.0,128.0
7947033f776b926458ae3c99cfe6d76f00319d7f,nq29u6wh,2019.0,1.0
700701edfd2c03eb88aaaa15b306ea5c48ce13a6,sjwc4x4u,2008.0,1.0
7615f13cee4ec0248e88cec2624e451b90a51574,64urscv9,2017.0,59.0
221b4a76383bca2738de607624609db332e816c1,rtz63s9s,2018.0,3.0
378c7910e78066e251312c703c9b5959de942150,11uuqtjg,2010.0,1.0
a0185d4f32dde88aa1749f3a8000ed4721787b65,pa81hk4x,2020.0,1.0
b4d6e3237b39ea379090b2feaef90d396ca7b9d7,k5pg97pj,2015.0,6.0
658bcb7729770487216843abd422c5088a96b843,u6skp20e,2015.0,6.0
484518021086915a0424b031c8d1db276b947391,scnon8iw,2015.0,49.0
7b760f0468a520bc25a813b3f29664a92beb200a,hn25ynum,2020.0,63.0
e1799aaf23c12af6932dc0ef3dfb1638f01413d1,1xoytxa7,2018.0,38.0
51eecf3bc2a6d807ac1ef56834869810ea353dbd,tpne3y60,2019.0,18.0
c6213f02f3feb4357464b2421f06c0012ff124b4,e1d0qqj1,2012.0,1.0
d74ed94c7a83298a4b4f0e1c70200126e464cc05,n4ypidxt,2017.0,36.0
0742fa40bf9be455fc6338e3a40ed6f0113d4a61,84tnsklw,2008.0,38.0
a64db2fe34dbe9594cc868d8d108801f1e4a9f3d,1phl499e,2012.0,2012.0
960dcf1b4585fde8c3a6c6e6bf34cef6b5596d0c,qfenyioq,2010.0,94.0
c3200f0b7ac78f63a63dee38af9593c1bacba7d9,sq2365rz,2008.0,1.0
681ee294b6556865c407fd5aec892f02c7b18df5,uerv1emk,2009.0,1.0
5eb4a5ac7faa2fc75e1739b45c511ba3fab5bb56,v1dg6o86,2017.0,8.0
03bce1b255a6cb57c7c9a544c87e34c8f926a255,okxk02n6,2019.0,18.0
cd3a4d7f6f12775c4218fe268f9f1c2636e45346,gfsfpd1h,2014.0,52.0
ad61a05a10319f4a95733b833fc4be1115670d95,cojr0az7,2007.0,40.0
3c91a5fb88790f1c68ba9a2a0b4762c01a7d9c59,hff4mvlo,2019.0,20.0
ef32feb9acc8e2c4d53c1b9cdd658aa0bca15bd2,pi4ufgpv,2019.0,89.0
4c21828885997dc52083fd8414253feb5589e261,9bilct4j,1994.0,9.0
c1ab2b7915131e8f55fcc4162bfcc2fd3fdfd12e,mqn10sp7,1985.0,90.0
ac7072f8446cafabfade74e274ca4b2a90587e61,8cfxtroy,2018.0,1.0
2c8c82a03d8fffff8b66cf5e0972d46fd38fa665,c32ydx2r,2020.0,1.0
a44419cc045880f5135b61c5803d577adb481c84,3tfigxgc,2022.0,35.0
35ed248cfe4287a6d989b9972671dd903dc543dd,s47uyb7q,2019.0,124.0
42b1cb0030e174ba4395d987df77cfa6d112d221,4qgpzgl4,2017.0,1.0
fd853dd72c97b0d4bd5c92884404152220cff15d,bvnyv2jo,2019.0,6.0
ab33e9ced1913a2dd687e5e8f7af9efc9a8673d9,g5n7wwgh,2017.0,16.0
29fc18a43103814b0aec8800a5759057c333aad1,rhvsccsr,2022.0,19.0
6ac1852ab5fc4c94fe22bcfbbb3fe9bba71dc3d1,vswqw24w,2014.0,32.0
2a33d0939cb4f9200d401a453146bb120ee3b403,oyudz8hp,2018.0,44.0
c100b6b151fcc5e126b50016ffda4ba1e1b3d5cb,7xgk7gqq,2017.0,1.0
63b059cdad77906ff381515b3cfac21757e5e64c,yixl7ftq,2018.0,6.0
7fd2213b834a5e745deecc0ee375e5be05fd1b2f,xd4ntswg,2007.0,29.0
feddf764b54746b40c9a675f4020bfa504e0035c,nn3bfaj3,2020.0,67.0
bf86109ce361ec669875a344288f4dbebd3a6119,792g8gjh,2018.0,15.0
a305840586d9e158bc7da5ecbf3ec3a1bb0deb90,r7d60gma,2019.0,94.0
f1489d11c418afddf135ac75a0c037a368c9edc3,0talsag0,2020.0,8.0
b0dcc005c9903d2b6e0e36e5bc7a8f4df762a0c4,sen2mhv5,2019.0,150.0
3407e4b1993b44d14c71c1683994b3e58444eb67,ik3345w4,2013.0,21.0
e72907406058f0c9cbca07ff590b41f3a3a57193,dmp8qpu3,2019.0,8.0
344c84951ec0d7f40784168fb91a3ee829994a81,xizq9vhc,1985.0,42.0
fc780c6681dd2734deb572746a8b1a828ef08f95,dkw92l9l,2020.0,111.0
9167644b1ff5a9d124f527400f66425e760d220e,d1t789r0,2009.0,60.0
db33c408174eef1e40661e8279afbbbf6db2352c,95vyat91,2021.0,1.0
e2e0e226f1f74ff65c0de3e5ad565bcd8b9710da,ax9lvi8v,2018.0,37.0
4bd5d941233633054090db5236ae01bd4402487a,knobmmxk,2016.0,4.0
ce3dbfe801438c3e70d116b2f18ca1a055c1cabc,47qjd5ar,2021.0,107.0
87c757138d273ccd38216ca5266406a503507077,oqy6enqx,2016.0,1.0
a472ab2b4511842f4d104bd6b173c711c4f622bf,qp7evzig,2010.0,42.0
729d5c7dc6bfb32e47b5bd24cdb01ccaaf62bba5,eimj6tjs,2016.0,35.0
195b80fbd7541e8c5cf5cb7341efc93a24c7aa12,x0vyesrn,2013.0,51.0
0e69a8259d0b8d787e443d5b0f8346edabfc31e7,rcjdeyql,2020.0,54.0
b3fba5e9bfc8fa7a94fc0448ec3e065a7849cf12,aytj9sc6,2008.0,17.0
7bbcd665f4847652e307ca717b209de92cd95dd2,9ilu7g85,2018.0,16.0
2231d52573df30203e79e0f6f08d20a0c1be832c,gfzd6de3,2009.0,21.0
fbc28ade3af77164679081af127e49803a635045,b9rjtd1e,2019.0,1.0
ed1e724a9a5f7207a5fc19b11a51767f61b5bc16,gq5avfve,1988.0,69.0
d734a8365f7dab731a698cf77a8588b44166b4b2,ermh9e0v,2017.0,26.0
a456265138c088a894301c0433dae938705a9bec,umeentbp,2017.0,53.0
f8e1b3bcee316203b4aa843efd5f581bc16849dc,vk1zhuux,1997.0,1.0
64aef0277a1e33d28779b34b95284f12255180ac,korp9dpf,2011.0,45.0
49f6bcda210e7a60a0f4584dcf6cbcc8a041d0e8,bkcb8jw8,2017.0,37.0
30d148d21c20c1682bfbea5ffa41d83c8abdc64c,yu3hpez5,2017.0,1.0
ce6922002a9ce0750bfbeeb1cc763affecbbc519,mk9y93bk,2019.0,17.0
f6abfcfc6c3bbe1d13ed6f1512b7d15a94ac4756,a1yodvxg,2019.0,48.0
0fadf229f741212a01f658dcd6370fa9bc8893a0,mp6c8h99,2020.0,5.0
54658a73fad95c7359c53341ed916a0f53bd2003,dhllilz2,2019.0,39.0
314de57c64548c9ceae9e3aca383c306e838ca2b,bu93wuxk,2018.0,193.0
31abcf70a3a118269d4b5707a7f06b0ef8cdaab9,sco6dhr8,2009.0,25.0
d68fb3a66b4e64abffa22d32e98378b82f601cc7,hbahxwkm,2018.0,69.0
e82ea6979df1a5a8c7037c73f0349ddb5f393f88,w98qk1qh,2021.0,55.0
96136ae613b2b917a09d7c8f49a1d07673e6cd63,xtzjqvfp,2008.0,9.0
844ee166ad16dbaa45d00824cbed71960aa98ac1,8t67me1d,2020.0,108.0
d8c59d536058abeae21cccb323e9642e3918b1be,fmetb0wl,2016.0,1.0
9bf2f2cd935d2fd220d24d0569e97c237fd4b134,2rryfq9e,2019.0,68.0
689b98a18fe2fe73a06836527a9dd0b2d6724cb3,qvk8lq8g,2009.0,20.0
8961213b7bf4ecb0e15d00f4374603a1c310abca,v9q0d66w,2018.0,33.0
31efbd02dcb1916c0b7a42da84e3b2dc96a08ea8,dh6txp6n,2008.0,12.0
6cd872c23456bb3629655957890561d1a4742f02,uh0g12u8,1985.0,90.0
24472a31618bbc260e2bf45bd72427097875142b,drrg0q1s,2019.0,1.0
4f41b1d7e44f5832167891c709239690db345755,sw0iqvkg,2022.0,12.0
b1393e3b598b623d301ede5648ed9189ae346eab,f9l3054d,2009.0,1.0
e71aca83459cd6f3000f098b6ea152d19fdd8ca8,gfu7p3wi,2019.0,2.0
7227b0cd926af25c95a71513ddddc11ac9e71a7f,8j2fxhe0,1986.0,130.0
4e08a86b8e56e82b7307af6f57c8e5b228e2f681,44sj9ti1,2008.0,41.0
36ba2075f098abcfdf9662853cbf90b4fe590137,h9piky4t,2018.0,1.0
d2c56eb76bdef1ad25fe635ddbf022e12cad37dd,5armv2yr,2008.0,2008.0
cc8d1aa1308d145bdb2652e2c6a6d39418525dbe,7bzsi4a0,2014.0,16.0
c4196bf59533f8f853f3470941b6c4029c659f6f,vuqyib81,1989.0,94.0
b73d5fabc909f8e584dc95b098046185d2b21581,6y13m3vs,2001.0,5.0
abce35b357dff68131fa038f291c99a82729bd9a,2j9qlq4o,1985.0,42.0
5f37774725e71d44b387ba24297cccf653b3c8c6,c5r012aw,1986.0,43.0
7bad536dc7b108cd476db0dc26ed325e101b0263,9ega9yyr,2017.0,5.0
eaf723c77b9866ee7561c07cddf55db62174980f,syfr2zmy,2010.0,91.0
bc11a01d61b5c217b90a2d575f8d07a42984c099,0o10bnkr,2019.0,6.0
54c9f9c886490803aedf9b86552c2f32fb3f8085,s3r56nz4,2016.0,3.0
c4cf934b5ee4eadbac3a36ed3711475db2670642,nszkg4l6,2013.0,16.0
9ab434ca694f2727293f3d82bd48782cecd4f577,vib0loig,2019.0,6.0
452317d13263afd962ae3237066cd0a2e2a93edb,n2perhbf,2019.0,129.0
b256e7155dd1a27ed9233aa4b47fd6334f5f243b,nw6b83d5,2018.0,7.0
7b95c341af5a732c094f1143f12677fb4b2eb41a,r6wwlx9i,2001.0,18.0
18b89ae68d587b5150fbf2e933bcbc1c3404bee9,g3j0fkiz,2009.0,11.0
9118e5b69edee6acd0c3dc096735df19b9fa6d28,a9g4pzz0,2013.0,1.0
9f3ebaf46bda931ba596c0959f0321ddfe34e922,aox0oww4,2019.0,12.0
29081e5c63d24fa8952e938dba68956cd47ac81d,quibh1yv,2019.0,31.0
d46d5e90bdf8f5294b3b4baec401bf81f75fcf69,q7cvc650,2019.0,100.0
ea4b28d2c3f34786163852c8deb2bf29f6c4acd6,dvhpkw2v,2019.0,1.0
dac1b1f5a3a3734cc00995841dfe2185a06ba4a7,oz75kmep,2018.0,23.0
2da949736e79a612adc1d92b91b67d88ed2764f8,nxt605b9,2021.0,11.0
1335190de78e0b58fbf7a7c7c52fa1a15f14858a,4lifw3et,2018.0,39.0
34db8de90d1c44b180862ca352d545bfa5013a3f,kuip1zzk,2008.0,1.0
e6b9fc7aa2996e7afc91c7f223460f9ded85e2da,8j2me9u1,2018.0,53.0
170e2f4778f975768aaa5e888349fc0cb23d576f,qnnegpv2,2018.0,1.0
9653c070724e44f023e8cc3ec79f0b9e6d59480d,jdx4m8us,2021.0,1.0
8db5d1d7169a1f5391cb184332b95835ae668cf4,37d9xu15,2016.0,18.0
ad11826f21ebff84a86d93920e8770d202d8ff55,7bmorwwx,1986.0,319.0
ac4c170e12da0b9220ed94c9a7b94624f7523cf0,sa7hhoed,2013.0,51.0
5d9b36e296e6f61177c2f1739a6ca8c553303c09,hfcij063,2017.0,1.0
96cf663aaf3d3da7d1485be4fcfa89e42a7cf85e,wkw6b2p4,2018.0,14.0
bba345002eb750b93b2d06d7955b2ca78c49493b,v69vu52d,2007.0,23.0
e1d09bdb7fc19eacc5230156733f2e92b99df825,50w4ppek,2019.0,7.0
45e65b8edff09d97c2a329699105eed8db430f3a,r9ethnmh,2019.0,15.0
f6871be408813171daa2521061658aeaa4708bba,lghymavz,2019.0,57.0
a4d5e2b1f3a7ad4f8f4dd133c8c5f4306a7a50f6,egtqhwht,2018.0,37.0
b650f87804410b6cec9e0858afc7efb269b36c51,y7g4m6si,2018.0,88.0
b5007972c6f5a2294f83357c73e12664dd7c85b3,le1p55bo,2017.0,67.0
288062000d7bd7825533693d557de2ca8628dc56,ofuhqcx9,2021.0,64.0
a3967f1a6f2bc027c18538f3c3fc3cdc09c5d298,htcmtxmw,2019.0,62.0
30cdd34bab63b3c6850675dfa2cda19f47e90393,nc9n1jip,2013.0,51.0
840e804bb5ed1944e494959c2980a90bea0675c4,pq2gphtu,2018.0,21.0
385b36574754d2e68c2cf90d1886895aead194a9,gkjqm480,2017.0,16.0
01a836d8cde31545fa37acb43d3398aa9e2f040f,pyvff3c0,2014.0,4.0
38ab4cdfe004b0b2e4075de7a91f7a7fbe063853,ncmp2cxu,2009.0,84.0
4f37468a95ccc62debb9e5a4cb0d73489ca61190,ci2pcct3,1981.0,24.0
7723385449eca845cd7d4dee7f5ce17ad8f92e65,wcifg3qb,2021.0,8.0
9360dd86a3f6d395b2f2cbc59af45c752e71757f,o07w6u5q,2020.0,52.0
7202f35a96471f5fad790f81bf80e5e4b7def1a9,6mr24ofm,2009.0,32.0
f4d47f6802cc7556c4784eca0d22f741def281bb,7r6e1dbs,2017.0,65.0
a022efe4016f804f007afd3a1976bed3b1136df3,luzqrdhi,2019.0,7.0
2c2d7daabd764f981950b71230e3ac96a0d21984,jgmvaebt,2018.0,37.0
99b898b4b2bc0c12375cec07f34b0e0d71ef6116,stwoyzmw,2010.0,37.0
baa5277988d41c72b9e57abaa6337e5069488cd2,z3zdg14o,2017.0,68.0
36d28725fa8a876e2657988790489c95d7de0a2e,mfoto6ee,2019.0,7.0
21184368e608cccd68e3d602a090aa603c24b8e6,dwsh3ava,2013.0,22.0
7bcd0f35385aa970c4fd6c789be416f000198048,xngzpnwp,2014.0,63.0
6a2ff3baa579618dcadc2b4099738b287b22b9b8,wafpqr4w,1986.0,43.0
dbaeb471f1965b2c4c2b8b3d57cd1d9cbfac17af,1tn4uwla,2020.0,80.0
79e216bd3c228c049c16de11797b15ba4fe81569,j1s8b1vf,2019.0,57.0
38b744afa7aab4e2bc969ea876c9535c7e48500d,et1y8v6h,2020.0,128.0
6d7154e0a966b0e5e4b3a8d528e82e96ad0f11cd,3m6goe1j,2021.0,8.0
449fe9af9de799d075556e62f82bf0dff3faac99,op5bccul,1986.0,19.0
a975d0c779179b33bbdbb9e56a48fab8a153c7f5,3ml7e1vx,2004.0,6.0
cfa1b66cc49e5c0b1e630614d0b12347351cab24,geeg0ypj,2019.0,18.0
e6ec919e8ec35ea1b6d7bebda034dad47af803eb,ngamyy2z,1986.0,43.0
b72b6fae30561a7e29392e04e82ed1ad7bce8e78,tcx7atcv,2018.0,1.0
39c34713fe6503c3782cabbdf72ebeb7fc9bcafa,ym5h1hot,2018.0,26.0
65ca5c3ee6c86729f0d887ccf44b6fc31a601236,3wdojaua,2010.0,43.0
d049d63ba6fa4c57cdb7334cbc3108fa3add8bb0,bzr68e7d,2020.0,1.0
9ebdd272db2596f4f4bee741d6399363b2b6559f,u5wxiiug,2018.0,56.0
1923472cacb63e80cec937fd2c8e8d9631266a6a,ztuwzdw8,2019.0,1.0
b7c7e9a98725991f801cc8b57440973e9912e0bd,s5gxh4lc,2008.0,90.0
81522f0edfa4ec9cd836d38086f0b89b809b613a,o9b72tt2,2011.0,28.0
11d86034218c1a2e16102f480159079b318f0391,79smwvmk,2021.0,2021.0
35934b00e734319b95905ad39e5b69514ac30886,3pic76ft,2008.0,80.0
7775c0a95922a42730e9411af9096894e39603c5,p5exidly,2020.0,192.0
af30cce8d2fdf779b9c847cb7d3512ba7ead9701,22fycxmu,2003.0,1.0
4fbb1530b79432d1783017fd393c096eaebc809f,n30iiwcx,2022.0,14.0
f56bf3c025b29a758a4a9fac93f0a4f2e80fb6f9,9xxrzzo3,1987.0,237.0
51c25e737058f6e6d603cad16c378971f50fac58,jeuihl2v,2018.0,6.0
bf2793fc09176f8bf23b3a2b3c6b32185e8a8329,3iudmse5,2018.0,31.0
286802537ac6ec028e6e4ce68d2daa3c3870c7e3,ypvep37m,1984.0,36.0
67ebef836b3993a68f81840fd65ed0b37a9e5d6e,yx48mbfz,2019.0,13.0
5cfc112c932e38df95a0ba35009688735d1a386b,hwsqzts6,2018.0,1.0
50edd67cb5b95e33c589aae8d26ee4385efd691b,cmiknnfl,2017.0,132.0
fbca4a0caef1032d8643154b54d8148ca2230e2e,cenowwig,2014.0,28.0
b59581b31f74c34a6168e131e941f427f921b40f,lvc0scp7,1999.0,13.0
af9bbea473e72fcbef487f3205e3f252a5ac8a3a,5rsgxmbm,2009.0,53.0
bf87d03bb650f4f6e0fddde0e6ffa57858c92893,a5h72a8x,2008.0,45.0
876be80390bcaffb9b910ed05680b2e81a37d64d,bpb18bue,2008.0,1.0
de4754d75c5d2179f348c58a1108be9c1cbdf4a1,8m0ykv1q,2017.0,13.0
f968de5288193d0e01fc0e651700f02835d0816a,0jm7ccdc,1988.0,45.0
fbd0dcc58f8f32cb932e59317f355a3fc2d2ea85,j1cuj6pd,2016.0,4.0
0f4640f960e2f469b9624af80c18acdfd3ea5427,5kmoaof9,1986.0,320.0
6f017b648677725a49780ebbdf35198487351382,b0576w2v,2019.0,19.0
e4248ba1e47de1c671b541431df9fce4e8c7b742,4tek634r,1986.0,4.0
b23eaeecd80106e27b965df898731edb49f201f2,n6j9km56,1985.0,315.0
d312672f278eb3914cc541520737e7a26980503d,3dc5boln,2008.0,56.0
a78bc54068384d9ea6f07db89a1ce902ef56c2c6,4j0g4or3,2019.0,1.0
6b42da07552dd40974f793f8da1ca6521f1e49e8,kibtju3o,2009.0,8.0
008d479b6d7818fd334f9bf0c7d30ac5ecd0e6b6,dmv1n339,2014.0,1.0
a2f808a24d996f9e9d0bfc054128c69b73d96767,odcj3lbs,2017.0,5.0
09a295517fa585772f9d502884a4b56d641eb59a,ackej13t,2011.0,66.0
d22a270ec055216580164b4f297089845065ff23,uq07m0cf,2017.0,36.0
ebc96892b9bcbf007be9a1d7844e4b09fde9d961,wzkostfx,2018.0,1.0
27b17ffd47b071ffc7a0e0adb1d623afbff3408c,hpocrld3,2014.0,1.0
ed0fea630168d3b63dbf12dd165b1b608ea98dd9,r1qk8p9q,2019.0,1.0
38ffe43d59e6db4edc108606a56ae9b76abaa7b5,z6q6saop,2015.0,1.0
975b229e10f8b2d0ce6371850b4e2d02f4c46386,9sg6eh8y,1984.0,65.0
fb9b8ad445fb4afd172606007be165f728b646c1,mxgzlen7,2010.0,95.0
e81acd4f35eb2202bf753266ec83d3174645820f,clxau6qv,2018.0,59.0
5be337b3715e619075c2855900707b42f9f61c28,5m2pea2r,2019.0,28.0
c7d7d579d94b7fc67c75b68361e01ba8f59b1d40,3174yi7y,2014.0,37.0
22c141b489e6e189f5996537b0a908fc10f90de7,qnix2bv7,2020.0,7.0
f1560ef3ef7264c65daff14d8de16d86c78cf4b7,ldbwjfua,2020.0,66.0
fa9ca8b87a75e32ba09a1bd864b8f7b8331e524b,1a9tzc34,2013.0,98.0
43f2ad297941db230c089ba353efc3f281ab678c,aar6yfi0,2020.0,61.0
1cc4baab05896e91fd911b847dc2ac892adeb38e,4tb9c806,2019.0,7.0
72f0f9e9d798414aeb77efa415d1550276e72d07,330msjye,2018.0,1.0
83dfbc785b4fa750a5efe4cadd1e6018094e0a39,1194w9ku,2011.0,18.0
e08f17fe8ac8781d83470af79b7045097217b725,evalezkk,2017.0,5.0
2bcfce1e68e9adb5f1547307e66a7b23c16d319a,ppdyx2q7,2018.0,43.0
13513bb13ff668f7d7cf341d2a8712dea6455674,96hix68b,2019.0,16.0
d8c3b190c8f53acfc48b9abacb43f34a83bacb40,pf0y23ek,2011.0,85.0
7040c149b797506426177d23d5ab52d402fa0fd7,rir6wbit,2017.0,1.0
359ae7f918e7ab865cc10847dcbfa9ce8bf95365,slaw0rvv,2018.0,6.0
c843a944a58396ebea23078bda7e304bde81607c,yrj2at0p,2017.0,85.0
9f51b01697729e046632d9575968524eaef00920,iey3f4i6,2010.0,29.0
54807a6395a41c1ab14655e8b56de864de113849,jva81kqa,2020.0,3.0
25b3d73d907569511501e5364a490e7fbd9da64b,rh0jvzyw,2017.0,12.0
4af67db7cb510052f9219f23c3d4d309f222ef20,ozlc6lyl,2013.0,99.0
147ab7ec4c77bd9941dd6b4bbf3a039a6676cc10,qx6kltbs,2019.0,50.0
4390aaba3f5bf35c65997858abc01c282b06a725,2yqe2twi,2019.0,30.0
9423aeaad6655d701a5ae56ebc18d224cb5a80bb,s230tsx2,2020.0,384.0
ea7139d55978c63a18eaee24cbb1b0f91035de9d,sz0oie0h,2018.0,5.0
c4ab27207352d48197380efb9977f5731128cdd6,mfuur13a,2017.0,1.0
2d69a1517bed9578b0a7a08fe5ecb68fe0a2f71c,tsjrk9cr,2017.0,50.0
69fc2fa7bffa570b127f7a55ede90f99082e2e84,t0e0kwvx,2014.0,26.0
fdc3a3723513bd55fd9e828455cce0ad34a8287f,dmk1xa4z,2024.0,45.0
e1ba19c3a819a79b5979cd57289011ba905bad70,4rrwms64,2024.0,62.0
2c2accf9d8a80d996ee79049af202385b87bfd3f,5lwni1it,2024.0,58.0
bf0e9446eca16e8ac1e759dce6a7b3f22d2111de,7nxcxyaz,2024.0,8.0
aa1b6eb2563523b72d01d2570f71a81930a83320,9636xn0j,2024.0,1.0
ad98eed098edbc93040f9eb3054a1cd7f4b95795,tfwc15lc,2023.0,10.0
be8940fd490e058cb851a21bd455ffb9b01d025a,551xfbn1,2024.0,19.0
cc1697038a9fcca37977b3b0e1bd9d434d3d9a3e,wjcgj3sp,2021.0,2.0
427a38f01ee3ea20a7c850550e444190ec98852d,kgo03ipd,2023.0,96.0
a5747b67b3213c7eccba6183b9bffb4828e8a299,ljzaixcs,2024.0,99.0
76a6b3a8e9900675a829a981d89540454acbcf1b,ttxbis1y,2023.0,12.0
8895cfd205a7f3d4ba99caea175dc4f7d0db3b7b,vy6pzhtu,2023.0,26.0
b2319ad4828be04bc873a55762cee49583740fb3,1pw6qavg,2023.0,82.0
66fc6467aec08ebb6047a3429a5c9ff6a8cceb90,62jc6n1x,2023.0,10.0
983968c21137edc191dd6d8b1578858f98ca5a93,rk58c4r8,2024.0,75.0
c81aa1a53904bd359aa014d6576fbb54809bd779,jlu3pkke,2024.0,38.0
b2084a383f69fbcc3ab779f4b1aa425c5224229e,rl04eg6u,2022.0,9.0
6a77366ff3d934a27d158708353c1875602c0d37,iyo48km6,2024.0,30.0
81e8396f2257952819dabd425fd6ac7c48d16fb8,xlq61f37,2023.0,68.0
1e8ccc3909baf44b45161f8ee10bd25a49fc01a1,aiv5cy2z,2023.0,6.0
193f54879601e76884d6562a5e5e01117fed3ded,j3l1mlew,2024.0,99.0
e30a06e161d7ef4612ae56e5e91f7c8c15fe6951,iahxy909,2024.0,53.0
754f3d75adbf243cda601bb815784a2d73bbb711,9tmqaz33,2024.0,46.0
b652b2ce62479f8524a4917126da760dae7a048c,kgfsg3kt,2023.0,70.0
1098d3743083c4c6a39a124efb725c10d2b7423c,ioaynzsp,2024.0,84.0
f169931858410fe06af98967fc131669a8c81ac4,lf2rpzpy,2024.0,1.0
ef8f8dc9eff937d65a312ee619c16cf06eb3e456,uivxy83v,2022.0,9.0
a2fe496b4db6c3baf093463f2af7c5c3bdf9c0c5,ibufuijn,2023.0,68.0
ede0a8039a561905f40777ec2ae66c2010e3f2bc,70rrntkh,2020.0,7.0
a253daee62951a067b63ef06d119632bb81d32d7,l5fhwhy9,2024.0,86.0
b1c09857fea0540334b7dd9e1f7b5d2b1247d86c,i9k8cbi8,2024.0,92.0
a88d5fb82358d19d0daed7d35d49f03ea6796b57,v8s0ktlh,2024.0,1.0
208c0148b8e4bad8a557be72e424a01092389dc9,j08jszzh,2024.0,55.0
9ed1c306e77ddcc195b2beffa09049399a07a470,tgvdntjh,2023.0,97.0
1d028098b8301aa66e6a575e2e92573c9da1e92a,quljvtn5,2024.0,45.0
4f71d51b8e296c7b7350a79d668adf6416144a0c,iqlxhyhb,2023.0,3.0
154862cd1839ebeae9c0ed79e9d4eadefad5843b,jcjf8ur2,2024.0,91.0
3139e0c7002df948519a66b5a57a43fab9e013b9,clspx5qx,2024.0,37.0
eebc1abfd4d5615b1562686b182488a0e9914c9c,hr0fee0e,2023.0,3.0
5ccd0970fbdb1e4a321434223ee3e13399ad0851,uf2sorom,2024.0,98.0
c6874a0d173de76c1e79df43324c4d58d30a30bc,tjs4gtr2,2023.0,38.0
f70158eddb1b09b48672a08e074f68dd7d26d327,z5knb2ev,2023.0,20.0
07ac8f33e82eec20dc3733eb825deae5d6404967,wr58hx8x,2023.0,9.0
807110054f8137a10ed5bb05a33e93bf596f897a,wegbydcb,2023.0,43.0
317ad53bea6fb603c20f692bb2f1a01e2dc86161,60dc32nb,2023.0,11.0
49771cf58fc601e7592fec0cc0de71e0364c3ff2,1dgo8hkn,2024.0,84.0
767e710dd7036a4b01a9a2156b006b66bc4b2250,fcojjq0d,2024.0,61.0
ae3cfed909596eec94d90dc18c05e56ae03d82f7,41w2gcql,2021.0,36.0
efe6c7f2aa2e05d4e97cdcbf94b80f885e4d62fa,mkww42uz,2022.0,71.0
d0a118e1c9a46a00f004b3883cba0fd772125a6a,37uunpec,2023.0,78.0
5addc498706646e0e1aed256db2242846fabf045,327n3apk,2022.0,9.0
978f023037d72aefac75cc01a7d37d7f65baa67a,18ci131y,2023.0,80.0
11dccd17d223a7e3ec145136413c13d15fc7cce1,lt6fkt13,2020.0,89.0
5e2ef6abd77e9d3512e4f9ba694d7c6ad35c8db5,19q5iqqr,2022.0,10.0
aa0b5821458e34d35d96ba0878b595950ec8bb8e,r9y2cfwd,2024.0,70.0
71babeb9cd0eecc38aa58863d4d9042630af3839,yzyrs1tw,2023.0,14.0
cb6ba09d94fca9b425c6358343c9475635e02414,l2per3zx,2022.0,59.0
ba2eef273f7bdb0993c12ff382f9e9530cde606e,uegu63hr,2022.0,3.0
808cf4971fa5d2f6f27868872801fcdb4a55a1e9,hukwpcnq,2020.0,114.0
891e3e29adde8ede3f14fdb804328c800db43138,t7v39z7u,2023.0,52.0
1ce3257e98d86d36a5073ce4ec232a1b74d543e7,v3lk41kv,2019.0,21.0
8fcc5dc9563d3b0d2b88987e8a8c4710e800aab2,zd29ei5v,2023.0,1.0
4c95284880d9be7d29bd1df30a2d25f608c0ec83,bylapm5j,2020.0,7.0
bca75f991da798044e12a5c871354c0ab86f5ff3,qrwnpuya,2023.0,42.0
ecd0b23e4828fca585a05eff56563852d35858d9,a02nooeb,2023.0,126.0
7872f34e2a164c5cf3c34a7a7433dc3342b6c7ea,nge1uww0,2021.0,2.0
571bf90eba8a8f74d3b2fa988839425777ce2368,u6f8nv8l,2022.0,25.0
949577343abbf4c292558b19ba3cd17c13adf3eb,4ba2v9s6,2023.0,1.0
ffb00f4afcd934f00b42e8361ef5f460d2067069,8hsp8fs3,2021.0,1.0
3713853518be98917e464e6d9a353859d4c7b254,x95pg9z0,2020.0,17.0
3cb20a2c117b5d82bacb13424d91aaa745a4b36c,t87pq5ln,2021.0,7.0
b10d3ef44f16f42999cbcbfe9dd65384775c1666,lu5oslaz,2021.0,98.0
6a97e8249f6bb0496bae7cf7790a60bf6bf4c1b1,1lpw6xsw,2015.0,78.0
67605e60fa55bc7e79d5900a5321b116ebbc420b,vp0b58cp,2020.0,53.0
84c3c50d23bdb72d0c558cce5bbd5ad19348bb82,0fi3yllu,2023.0,13.0
56f751e56cb6ae7eecacdcceb258131a03b9e24f,k58v7g06,2024.0,1.0
00dc6eb86b729f3865445130a782a8c935e14f96,0c02rp5u,2023.0,39.0
6d9e20d4c5025c58c464237d2d6cde22495a8b45,ydtdme4q,2023.0,92.0
8505e78ef008f6313d3cab755183dbecdd0c4b6a,wcs5pj4k,2024.0,13.0
876899186f77a82b16f5c53d9e13f2d457ee2602,zb15q1lb,2020.0,141.0
c0f3072aeab373fd64c98126afe1b3964ed3438d,x6n5rewf,2023.0,1.0
67c5932e303a63adb37e71e4fb3698a9529b0a5c,s97mzuwi,2022.0,72.0
ceeb63c64cc30edc21a92c454ea905770196b43f,oiqfcvn4,2023.0,68.0
06a6182851c486f0650e394a246b677ba3c9b25e,u1s4adu4,2024.0,156.0
88cf9400046e0467ee55837ba3bbc26285dc27d2,oe4rio0g,2023.0,16.0
c69795c4c31d3189a1fe77e4e5d8b202ab7b8db1,dny1dr2e,2022.0,34.0
51b97f34079acb1ca9edd151a357f18ee6a27b43,cs159l8z,2023.0,53.0
ffa13df31597b8952af56a2a1bea719726422724,hgw76e2t,2023.0,52.0
08cc9e37177afdcae2060e3af6f1d2f9358370a0,p10zjv1e,2022.0,86.0
81f7b8134d590859e5c5eaadb801f1ac85890e88,syioxd4y,2020.0,89.0
e2fe6426823794f4855b0acec0a5e029a8c4d050,5xdcro66,2021.0,1.0
0d4a41c12eb1d104f4e5794295d0a4bfb2c780ea,c14m5dwz,2023.0,100.0
df882178c3a8806548086ed91d931116b1a249c4,sg7woc9p,2019.0,25.0
1f2ab27ec02a013d62b68d8c90b01b1b231e5141,awwgfljy,2023.0,98.0
30c5c481ded2686e21ce108925d4ecf9d0c62d05,ornvk65u,2023.0,3.0
5849d51fa6992005e947b57a404f400a2a1fe3a2,wasic6zt,2023.0,41.0
435817be30165d26ae9af5383e3579d8baddd55d,pndyk5hj,2023.0,5.0
5241aaac522ec4d301b56234707075e572d5393b,drbwg5lt,2023.0,93.0
23a2e6492a90da085254ce7d6df211112712a45e,lf22w4zv,2021.0,75.0
0388edb9ac1a73d378cf33092770cb2f87a7c3e9,m3czr7vh,2023.0,86.0
c7ad76dcc2b00529814610cdd530c1173c2e26ad,88tieygb,2023.0,66.0
2b79d1a8ce840578fcdfea7f18779a9cc8b907d1,fs387pf4,2022.0,1.0
a5ca89b0650b44e4b0a9dba1c699c7f3b0f39334,o8w6gwwl,2023.0,69.0
2118e6adac6d15d9d6e3078c1570e8f883bf9bcf,vme0cptp,2023.0,14.0
6a384fe76918f761e287341c2f55abf87d48156b,o3c5ruj4,2021.0,99.0
2d1b5db1ea16383bd85eb2de0afd5161de7b1b2d,yavufg0p,2023.0,54.0
1931f3236ebdab94a05f7c7ef6c8c87edf8b5618,1wwawaff,2019.0,38.0
7522862ab073d3e25ba28e46eed42a36de0c9310,59cake7m,2022.0,85.0
eaf141fe8e8fd1108360a85862e690f4ae7c496a,72yhgm0a,2024.0,59.0
cc289996d8b14b9bdb22f240055a185316273461,nno689py,2021.0,21.0
403281bcb23f4d388333f49d827f67c6d097b80e,m36mvinm,2022.0,39.0
1f50f5b33832dc8099b788a126916f65cd2cc237,srfafa84,2023.0,9.0
928fa44848bb6ef2b483c254b4f5185c935c4345,vn2byjid,2020.0,76.0
5e3927d647360a60686e60b7c14ff37b20cd5d71,rq2m70gk,2022.0,96.0
e18fa403f20d2b7d1320a9e2bb486ef03982e5fe,e20er85y,2011.0,3.0
b8a2fb97fb72725210ffd8af52446a88c88f072d,221mk0bs,2021.0,2.0
306627dfa6a7f595676e7d0ac74f6162fdcb37f1,a2bt7jyz,2020.0,26.0
d038b775fd47f3d16a056ae4361f0c98e67c8e15,m82yrlpn,2021.0,34.0
57e849d0de13ed5f91d086936296721d4ff75a75,hxzaol0d,2023.0,1.0
99a01c9c3815d835c202723bf5d1ad9094ba20e3,fxcpuivd,2024.0,73.0
988c3d3f276784ffdcfe9bb46b7c1e9107db1240,h3fz8c5p,2022.0,3.0
6912aca2fcb75c8a99948b9b557d8c2cd9f41599,detgzta2,2022.0,63.0
09835de62562558a4e127f3a2f01b9d594b4706d,5zl5lp76,2023.0,35.0
ccd1a1d1e4694fd99e04a0154ecaafebe775544c,iolknvjl,2023.0,14.0
40d3db2cc4284ad097ef84385693ba720c9d5f85,dpqs51zn,2023.0,78.0
eb8c300d2d8d3bb6938c883ea2fb452639c92b4f,fsnzh0es,2013.0,1.0
8822357efe500caded16e603d21239be3a39547c,1str8njx,2022.0,1.0
9688aa6337ef58c9ae921092e1159e65e69b22d7,eedxznl7,2023.0,5.0
1cd68f817f4ddd8457c8af9b8fe37bf70b4c06b3,gyltr0b2,2023.0,15.0
6ce36067a576742038e6026a52a0c7735552200a,o3lwc698,2024.0,14.0
f237312a67601a8965adb9f5580e5602653c249d,rh66hbuf,2023.0,62.0
41e091272ee3e55d2b6b27b2cce38bd25bcd881a,znwadmyd,2023.0,1.0
fe6d835fe763d1282244c83335390ca564e00099,d9ljq482,2020.0,30.0
d8b77c88962ad9afc725b43cc408f6fef27998b4,90eo7zmp,2022.0,14.0
ff3270fa5eefd970f11d95d53b98a69abb706b25,5ntah60a,2019.0,6.0
10145a22ebfee898be909ad44f83bd3c490adb53,06y7pokd,2023.0,1.0
7813c7274ddb3fa90ff76c2ec4f8f1c327823aa1,7lcfyzx4,2020.0,4.0
fb0efb7bf6e1588bf6b2062f00b513993d69d997,2bcmfbo4,2020.0,12.0
a7619004c1debcfe9b1854f7e50853a32b24ae29,ncwheuva,2022.0,87.0
d301a1f242a39e395e2756cd33b2e7ce0e4afe15,3mmlqnsu,2023.0,1.0
7699d50391d9f26a8bdfa2421ccd1e1abaf4bdbc,e7laheen,2023.0,78.0
163b4d6a79a5b19af88b8585456363340d9efd04,t10xx57t,2023.0,58.0
08eb878c0aa3f76ba7da1bc6eae73d9755aa000c,1ki7vr4t,2023.0,85.0
cb66dbe052c7343792516b6be9e17796f024ddc2,x4n0mf67,2020.0,101.0
9c0620e2eb158e429fdfcbbc619b9bdcb39e55af,59t6yil6,2023.0,46.0
d6d385b3d6770134e1af8b1d92f89077e20ea184,ef2mf2k6,2023.0,84.0
ee65885ef31a56a008dde6a2a403accd196448fb,pp57qi6d,2023.0,42.0
7e2d914e62138ce6113305b67631b2271c3d3773,t6jjc83w,2020.0,94.0
f1026bf720fb771ecf021717977cfae00f3a25c6,dh26q3m3,2023.0,32.0
c48c59e1a392cd6e5cdad300872632e408b2607d,j94tj2ve,2022.0,47.0
0be6fb7b8f5fc023ef036e6595864f43eeed1cd1,oq5t811m,2024.0,56.0
7625289aa5efe48d67ed559d25ffed69111afc88,f2od6jd6,2022.0,9.0
8a9766e4e456a2c2ecef2c57f8d285b3157d05f0,zm77fz6t,2023.0,34.0
a36f3c7ef2ba3769fa9a5ad549740ab0a01a0cfa,r0kghdyq,2023.0,80.0
c18c1091823b60025ee2a4e6ac1e4f72e5fd2dfa,tv3snmt2,2024.0,73.0
a84c8b01ac151295c1c8eeb88e27715f591fda86,m4tm7qy7,2023.0,54.0
39484b449188aa6f459495b5f54eb876291097ae,gh9hjbbe,2023.0,16.0
2a79c2e43f6770c18dbb3df1726bc47d725bfb2f,m0oqyckv,2023.0,10.0
13ae33e86bdf07d04b3158a974b7404f4c8f78a0,frl1e5z3,2022.0,33.0
d82fee95c37e2df2e0b5e46cc62c5a0bb3ba34aa,vgjqa77c,2022.0,37.0
25bec9a4dd90ca682d5155d4977a51e2f6e28917,9v1e2syj,2023.0,35.0
56edaa1368ff4dfa45388e4be24fdfbded7d88a7,lz6537p1,2015.0,1.0
4a419e68e4b6da86359b04ddefc1347ed6443db2,kxuskju9,2022.0,19.0
b8a9600502090cfa55b98323967cc02c21c8bed4,7r5ae3k8,2019.0,45.0
84983cfc6fdd84a8e3353a8b1d84af2df26befc4,z9i3txbk,2020.0,12.0
b7187d8b12d4a9bfd4077f2b40093bd0ecf2626a,djd0tnrp,2023.0,61.0
d2cf009b7ec6ebf042f4648213106156d678cbc9,ci15mt68,2020.0,68.0
324e6cdf975a8a63c23ca10e2504b603cdc7e3a3,iw4yqs9w,2024.0,1.0
da2b72f5222748557865d168130c620c2350c9f7,9bhfl5fd,2021.0,77.0
0893549771094fac547432cb4f84e9605c911a86,434c2xfv,2023.0,6.0
1eb5770253bfbe119499eea033981d1b188532a5,szb59lm4,2024.0,150.0
da8c2fae9ab6751ff7f8a49ea15f94ddf4a87ab3,v7nfwjqi,2024.0,24.0
98a71b310ce8a9e796d15f295a447cce3bb29e11,s8xpj2qt,2022.0,31.0
1b093f31c3c329a645f45758fa11ab8468dc1545,oq10h9bn,2023.0,98.0
48982c1f8d8ff4e64eeac4dc6f0adb6c0580727e,adaaa07k,2022.0,98.0
f6d5df0cfd7454251fabc47b37c13610991d876f,0iagmkpw,2022.0,19.0
3179e9d4cab937383eac23dc21e6d4b7012fd923,5s1d4gqz,2021.0,13.0
ec813a3c757074f890bb0688800391837b1b276b,iy6psmb5,2020.0,105.0
6edfe852ddd798e0aea50ef777ba5cce98fe677e,t2j0fi0g,2023.0,79.0
ff7f41eb9f118d80385253224aa9bd415a643dee,z3i8ry4f,2022.0,61.0
3cc0cd9a47a08a175150c2e3901b6069bda953f5,e5onssue,2020.0,7.0
9564908c08e690b02ad55598b9dc4f27c8fe2f53,rbb76brp,2021.0,9.0
45cdc6205a088ad1c5b5907eb929b1458957baa9,5xg1up0k,2023.0,52.0
d45b87f56d02f702350267b5af1276cf41361003,5xiw7ivp,2023.0,31.0
f329109f03f8f809f9df52e3baa95d0790057003,15jkhz8h,2023.0,11.0
412ac028e91a783e62b69920f7d7820dcc740f0c,dyvubkbd,2020.0,2020.0
8438356284e01d3ae17154765759cddcac56e5c7,6d6f1unx,2023.0,4.0
522d082fe688b22847bee08291e0f0372bd78df4,whofqh62,2022.0,12.0
f75b77c4769f1d18bb50e466ad031d8d3ed270e3,umqpu5ak,2021.0,36.0
26bc862af033eff985d58a01eafad1922875e10a,fqhf4r8e,2021.0,191.0
d08463bd665589d04619f04dbde84183ffcf2e63,w9rqwy69,2020.0,1.0
a2710ddfa0c7fb4b75b7294f3beeed74015616ba,aflaxhda,2023.0,18.0
ddf3d86a7c1d98d3a949465a1a9afaba32809ddc,kn8x3rr7,2022.0,10.0
6ba2136596e7096e2287409708402fd44ec48ee8,ub2rlw8s,2022.0,12.0
bc1022b031dc6c7019696492e8116598097a8c12,7zodj6vw,2011.0,1.0
36d9d8cffea6ff522979fd486c427e36383f4c93,amwoxhue,2024.0,67.0
193edd20cae92c6759c18ce93eeea96afd9528eb,2golvlby,2014.0,61.0
dcaefc616f6594949c226285ed78582b6631294d,ghx1m81h,2023.0,36.0
67c81170719d6118064e9a34fb82e10db380a029,7dipgr9u,2023.0,82.0
adea6fc6741f30c8829a8b16a150ec6907532a1c,0end6b51,2023.0,8.0
d6c17007dd21be4eebaed4d5fee9a2bf1a8ccefe,nn6xnjdv,2024.0,70.0
6be479eaa9bcb8bf381a5a37980be176d8ed7999,rsfjw3j4,2023.0,11.0
9bb8ec2f8cf36d66e68699812a28abfe4a0c3c8f,cpwvq4b4,2020.0,3.0
a087744edfeb4057dfd0576f9f4b555a429e468c,tulldp1t,2020.0,4.0
3f390c36297b363d72b8a760453d44a6bdd6f954,8ewscbay,2023.0,51.0
0ba4d4fb6f63c49c8f0eab96ba453535fcf0d3c2,b5bz745p,2021.0,9.0
af87339f36f9735bae708369256e0ed9734dcc22,qx1gu8i5,2023.0,14.0
48bc8067d5f6698b9d23ecf0562f0fde7290ce15,giub332w,2023.0,29.0
b169f2ce55e14584d2db6f64eeb5ad2702d39d40,j2n1v0qn,2023.0,126.0
a06a8ca70096e567e5cf1e433cc99ac1d519c4d0,zdfwnm0m,2021.0,6.0
b0a05dafc199f146a25ce8d4f0ec56b886bc8887,cjaddd2x,2021.0,13.0
03209448d7950fd575ac27676c0ff1deb9c55e8f,dujhrtss,2023.0,15.0
cbdfa5f60f72a0a99257c04060ad5fd6256b0194,gogwhm9c,2022.0,52.0
270b015093073d3ba254928b6d736a59870d3fb1,617gemai,2023.0,1.0
91504b58ebd7ee7b04ab88c0486273e620e49939,9pckqkoy,2023.0,1.0
4c77157889fe1971d2ad11aa8246f80d5e579a0e,60v5i6rq,2021.0,58.0
651619d57e890359cf020f982af6ce1f4bcb8b86,06o0u5oc,2024.0,1.0
38ee99eeb3620a734eca557a68abb82bcc58a1bd,l778lx6k,2020.0,864.0
208dc9d832cf2888b8394d81f658bd856c7a0e81,4ashnqzn,2023.0,86.0
960ad94cda39471cb5cefb94d05434e6b5b11c1f,1bxaf6qg,2023.0,55.0
eadb09ec82323da970a88d10bb65cec6c46c035c,zrd6fk7a,2023.0,14.0
fd7d06f3c1e7185f6c67846e4bb09b7a7bcffa2e,fpeim298,2022.0,201.0
7e8f1c14d73394fbc1576414c8d07b69bdb90636,k3qezeq7,2023.0,2023.0
4381132f77f84c49c15acab902ab93e184845f9b,l56ftjzi,2024.0,13.0
c9cda4d7a549ddac99eb2b710d27c45f16f2382f,q8d8v5qf,2023.0,65.0
ac675900f7c6c14c8488e09a2a6e8525bcf9d45a,5roqggbc,2023.0,1.0
5500de6cc455310f9363a3b1cfccaeea0ce20dc6,vudsp8r5,2022.0,127.0
ca8421e5ce56594e27a33ee9693f77aa2ce4a916,l4q5qhoz,2024.0,6.0
8b22edef760d3f53405f228f21e6f0f2b7f6a483,is9h34pc,2013.0,25.0
31f42be573c81bf17f4db1bf33a314c1dd60dfd0,zdjtz1lq,2022.0,55.0
10a1ca20692a9f40cf0fdea523d5a02ebeba15cb,hokxjha1,2023.0,139.0
c1d1fbfa5f735460573b8e24be3a9179f66481ab,qmcumfav,2023.0,30.0
dcda693a003c88b8a81a01d7b61821e304969d21,kkxxcme8,2023.0,47.0
ec9690961a55c998d2439e7be148350dafdf2de7,de8cx5k4,2024.0,25.0
8fbac1419ee06a8a035adf27519123713dcb26fd,f23b5zj8,2023.0,32.0
680e2d6c84f5208e183a9f24bba856845b22a5a9,yv5ab4kv,2024.0,1.0
3b8ccc7ec80b8775de603e248ac1ca2b919d6b70,mbx3qnhy,2022.0,1.0
a120a7e36dd47e24f62fe67f4770938bd071375c,4dvg10mb,2023.0,27.0
ef3fd925ed85e3295770cd0b35b7e9effe787445,zshn8des,2021.0,58.0
ab1218eddda162a60682bc44086a13a2f7b26195,tbz7nxfi,2023.0,65.0
5ba46bd7084dfd41ce4f34deffd414e2e74cb973,ksnezzdv,2022.0,31.0
377ccff6dc127cc2dbccf35cfcf70c3b6b3eb9ec,70o2n7qe,2023.0,66.0
2f0a06188d594b0c209613a4d7c8530b1bcbfc69,p2weary9,2023.0,4.0
931c9fc7dcfa21119c79405781bffb46593d3968,7lzwtwwc,2021.0,91.0
7a81369d06b9c2bcbed102f61146793631eed547,63xelo16,2023.0,15.0
59ba48329f228c216336b8853612a94a0823a91a,rnk5bb3m,2023.0,4.0
790738674facd20d012936d6ed50cb38c4f56fbf,f5ibrz6j,2023.0,1.0
fb1f88184ba2063a79e7d34d32d146dfe4c528b7,89a58w6l,2023.0,132.0
dcf40736c78c5dcbf16252f750384cbfca100b00,b0k95qmd,2020.0,168.0
0b487de7808dd048525b2fac4bfbd325df547860,8xgar42r,2022.0,115.0
d08cf6708d3f0cc186df7fbcf3826e1180207746,0p5nu4vn,2023.0,1.0
4d58325ceeeb5cdbc4638dccad53a96d558c04f6,s9j0z0b5,2024.0,1.0
a476a2bab5bc1570858c1a88f663a85d0b858b2e,5oie5gdp,2020.0,1.0
f73c5f51f4edbb5f6ee7e5c1c6c75231dedaa758,t34snn9i,2022.0,19.0
0724dfc64566c8ac67cb8305890ccf543053c43d,q8f4d12c,2023.0,3.0
46d3d6afce8aa68919a32290508d07eff59beeac,py7qq52s,2021.0,36.0
f5256b83f435b4d79b3c48a33b5fffc3cbf0209b,x0vxoo2e,2021.0,12.0
de41d128db7a51398c8a88dcc1c2bed5e3995c2b,noi025sp,2023.0,41.0
62659dd90b2955887dbb53444504332bf069893f,fvztfpv8,2022.0,100.0
947f081d87410c3462e4013878663afbe21c929a,ky5odgu4,2022.0,66.0
61ec8c528d74d11f8bce9502bc56ae843877e5ee,r830h7q6,2023.0,50.0
7a0392ef4c607392de92ee1f7c84e68780e7976b,guc99el6,2022.0,3.0
045a68c3bb871eb9acc1a329bee3c3c6d2146117,cyo3y7ut,2020.0,2020.0
25b1c8045751777040f6c90df05c911bcab4f015,ut57bue0,2023.0,83.0
1a014a929b0f55cbd0e7879fbfecbbd69f8d80bf,mlm96rvm,2023.0,85.0
6be8c12c930b42466accf1abf10254cff77c78a8,jv7zbigz,2023.0,2.0
a9f32a4801158a9432ece2158201cdbbcf2fcab4,8js6s4mc,2024.0,22.0
4d5ed385b3a9b7d5d192047c54578ceeaaf2639f,5a4irndo,2020.0,28.0
a5cf77b8cf7d1e2044ee3f2e5092a42b7845d395,fo0ydxn7,2022.0,18.0
f539efb9f0d3a75fd95d4f0e6076f3556a243d6b,6vdcah7x,2024.0,78.0
8f1a5a51c50b33af10348495bcecee98ccd30ac1,th489koq,2024.0,6.0
ea0fae16132710121c168c34f147259d6851a36f,ntipfvd1,2020.0,12.0
8218a27cf8e37758697ecd37a2d0795af43878cb,6frdvodc,2022.0,18.0
4ae2d949c0c1c73c90a9a17e55821ed5eb4dfa59,tjoydm5i,2020.0,24.0
71746704500b5162e25952f6b6b069f827573813,vzp8kuvn,2023.0,61.0
c5901cfb6689d504ebbb99d833a8b9cfa760b0b5,8q100rj8,2021.0,14.0
e4bb2cebe117ccb520210e5510b9729bd9db2f09,cua432x7,2024.0,22.0
31126624d028d61a8f68e5d9b7204a3a53f13947,pq9uk600,2022.0,61.0
9d2d86e5faa11832d814b180f5b6e28b05d0d682,a663etd4,2022.0,21.0
2d82f6466795f419115a4e0142d9ef8370509d0f,zwie8d6g,2021.0,89.0
9cb64447592f993eb9d231a9cd44fd52aa143083,2kw2ealy,2023.0,56.0
577042e6e971acb77a721ad9f30377741b573593,axucvhvh,2022.0,36.0
8d59057fd7555e22e7b557b332e9b389ad4ecf28,whfc3gud,2023.0,51.0
e797d46d3825f8d421b7ca7e8cf99d04ba363e2b,78vkygp3,2023.0,95.0
cdafb1628ed1893d731e69fe0b76bac3ecc28e81,mprv5uul,2020.0,22.0
667e4d2232485c99a1f7615357e2fb6a86442b27,6dsmb6i8,2021.0,4.0
2282d297e618510fdc58e3ecef65c6e2c1c3a0ab,96bsaw5x,2023.0,54.0
143a229923a60370ceb2ad55167cb12ce71d407a,vwzy3obd,2023.0,40.0
1b593a815ccee90b8bf76b3bfb1917bf597223ab,wk5tb95i,2023.0,3.0
366106261d032127798e1cf476a660680c73c983,o6kcawbx,2023.0,72.0
ac4ca10f677673fd17cdb9fba49caae77fc52a59,oqw4czjl,2021.0,2.0
d1e9001b61a771a9f7abe0796d0fb41a18cc9803,9chltwrz,2023.0,16.0
18f3affc62662c1255f951d09f747657f42a029e,d9q0nwot,2024.0,240.0
17c25ce0114fcde1acb04cd0f9c7b86e4733641d,edjhdb9x,2023.0,50.0
ce73945fa288ab04897d6b7b3c84d3906cbb1ed1,altsfjkd,2020.0,75.0
dd20ce4d2bac69111519d500b94879cccdbb35be,tt2da3b0,2021.0,97.0
9f15855fd5d48430abd741463959d1bfad02515a,d2jaykil,2024.0,46.0
e7e276d20bfee6291eb2e4e45b1d4c63369e1bd0,fkqd9cu9,2020.0,150.0
1ee0abcb8f0afd74d602255d529d7c2a036a8f02,5kpsvlcu,2016.0,62.0
63a513832f56addb67be81a2fa399b233f3030fc,r9w4f92i,2019.0,1.0
38efda194ce8ca7166119ae403e43aef57f62f7c,j9ed13yp,1989.0,1.0
30321b036607a7936221235ea8ec7cf7c1627100,wwo8s0mt,2017.0,29.0
3120324069ec20eed853d3f9bbbceb32e4173b93,uvcxmin4,2001.0,1.0
54906484f42e871f7c47bbfe784a358b1448231f,zw3klph8,2016.0,1.0
6bc77c4dc6075ee81c05f0f5f43e44b2a34a5876,2n0dq85s,1977.0,1.0
2d867297dfe0d3ce2ed5b1d0f2dff88cac46ee94,b0ovp66u,2010.0,47.0
59cdf849049627e4c30f3bd866e3a7e03e893251,r1mpidll,2009.0,10.0
3efd851140aa28e95221b55fcc5659eea97b172d,rhtn46vk,2009.0,20.0
69906b74ee369cd25522ec432ecbc601a77c9d87,tlu2c5lz,2019.0,39.0
ea5dd6a3d8f210d05e53a7b6fa5e16f1b115f693,r0chyykh,2018.0,1.0
1976c9eeccc7115d18a04f1e7fb5145db6b96002,msyxjfz3,2008.0,86.0
d08a0eb7024dff5c4fabd58144a38031633d4e1a,2yy432xi,2023.0,1.0
b07c157e7d40e06a4f2d486b16d5180d8b24acb9,mtigmlay,2001.0,11.0
189b79cda928d58f695cf8323b9ce2196fc22409,cn3cijzp,2019.0,37.0
3a58efcc4558727cc5c131c44923635da4524f33,1ysa4emy,2018.0,1.0
415224a9aff759f6972189df8b7761dfd6a81154,0d2b4jyr,1973.0,57.0
385742fffcf113656f0d3cf6c06ef95cb8439dc6,0ztvv5nj,1972.0,1.0
81a4fd3004df0eb05d6c1cef96ad33d5407820df,amd4i48q,2019.0,32.0
aeeffe327e6c93e9010c7b1e401caa9113723851,2uf37uq0,2004.0,59.0
5e49c80f8b12a100c5f4518897c4cbf72710c252,ngre5cy1,2018.0,1.0
4b25ceab8abceec1040e53ae1476f6b909794d39,zbdpvk3v,2017.0,93.0
5df0ced15b18103c9517805c4c0447e2af72e217,pgiew0t9,2016.0,62.0
6c6e4b6a53c7f1692e4d4df54eb47509d871ef9a,za34hvl6,2020.0,4.0
046c4ff0b08361b1ee84fecf1292d385d7bca277,cbd79gb6,2017.0,1.0
d0794c1a57cad9c35028427e6c084642346c720f,y0iqhzmi,1999.0,41.0
47ae807cd511b35e78a2cd4e198283dea6dafd41,639rhosw,2021.0,1.0
ad7098af070e5d8fb6822b4eb3bb0bb485d3892a,cdpx2px5,1967.0,11.0
6e7013f7e3801a5b56e12fc3f8dc1656f5d010bb,ss0koyad,2009.0,30.0
5ad41f9ebbc6b6b02d61932a15ae254ba33a687f,02wlmlyn,2007.0,1.0
7867578988f79c552d25ff50bdac1cf398fa8324,jpl1rtoo,2016.0,1.0
f1ed01a2c0aa47b4e010861ef884980561ddb542,cp76rcq1,2018.0,1.0
6aa3d8bcca2ebdc52ef7cd786204c338f9d609f2,6cj44h7q,2015.0,3.0
76528d368e36e43fdcac977e042dfa663f2ec158,oio2xiav,2009.0,181.0
40cd779cb417c9e665ec29fdccc73a6499c5ae5e,9gdqu4y4,2005.0,97.0
40f8ec2b554c501d5044b3e83bd40bdb7e5a2d8a,e9faf1rg,2019.0,1.0
7b4b801de1ba8a4456adcde7b1a9c5bc5cf09fc3,wpxc4f99,2000.0,40.0
086bd32d9192632be3b63af92a1bf4b0dc17c4e0,t9oenabf,2008.0,29.0
ecf6c42d84351f34e1625a6a2e4cc6526da45c74,pf06myhi,2017.0,40.0
39b68545a1f36a8316eb131121310901e2e2206a,8m1omukq,2019.0,16.0
5bfe361afdfa98e2ea6053c0a3a35159e7867532,39sp89zj,1971.0,1.0
9510dcc7063c8d459c9f6dc2bb3dab07085f778d,g1oroha7,1999.0,17.0
1d9df46f672b1e22b6f210343be8684f88c0ccca,z8cafguf,2016.0,10.0
04b54d8c4a327f143c3d00fc432740e1183f2337,1zyfg22x,2018.0,37.0
4117c25b74e8df14daf828e5853210f1ca3a1024,i97r2786,1971.0,1.0
88b1f417c9581d9ddb8083e591c2310fb4e24796,6gcqd4ey,2019.0,5.0
796918285116a29537489bb7dc1778f2b1f3e4e8,r753f1fy,2013.0,1.0
554aabebf17b11046ac734aac8ef5a71872e93e3,d9zycmx9,2019.0,54.0
5618bb2aff7ecdb0a2ae7c57838d156f731008ff,j6q0ckvr,2017.0,1.0
4ec28212d571da349ac886039f8dcd2243c8d57c,4gtx1sll,2000.0,1.0
42b1d2f74a6fcdd9e45b64a4acabddafb43d7426,m5ybu7u4,2018.0,19.0
e33bc0cd79d92d6868989a29c3ab06b75f808590,63jv49gv,2018.0,129.0
135334ea7fdef8eef0367e862797cac7dcd232a4,rr8pu9zw,2019.0,1.0
ce840188f3395815201b7da49f9bb40d24fc046a,mzvhbpgz,2017.0,31.0
3ac939c4ada416858e1c1bff9e6f18aaa98323f3,npcjn5jl,2008.0,45.0
65a94e7163d4836a93222ac5537e26e77dadeede,yk34ek6z,2004.0,331.0
cebc494c81f85fa9739b049a9930df6cbd68b587,6sfqus7g,1999.0,2.0
4f68caebe510a0d737759ee648daa3de4fc98627,omvi8ni8,2020.0,1.0
70cd2b984c8aa738e872b33c11924be877c54465,w92un6x7,2006.0,26.0
b9f00b6abf2a928aaad32bc236ca9cf6cac96eb1,tly0ojsj,1999.0,2.0
ae62f2ec96e34a773b62f13a67639209090b2eef,e95i29eg,1985.0,6.0
7f40eba81644fdb356102a1d97a75fae4e7d3856,ptprqz4w,2019.0,571.0
079bba129e135941492b1ab1f8d48c25f05cce96,sjufyvdx,2019.0,12.0
6a116b897569fe4d6ea9ad4c3ba9a18825b96f49,y9lzxfpm,2017.0,1.0
1a8ee9382e79b92986f9d780a929fc2d2be2f47b,7i5qlk9g,2018.0,1.0
67ab606526f914d474b88ffb9c95a28de38aab52,gwh1oq0s,2009.0,106.0
83d585082a8ccc617f288c0ea984d360832f92e0,8ixuq8yh,1998.0,30.0
30de3c20bbe9562e1fbce162d84de593a073bc15,qgac07je,2018.0,21.0
f503e9e864f3faec3f627d2653d81b664e14390e,9capqpat,2009.0,30.0
a702a8d2dfa922c30d1393a40c9ae20319bd73d0,bagni6p8,2018.0,36.0
37298e7734119f3dbd4c5b4d8977b57a44574a50,oqlumg2m,2019.0,4.0
ae38ed953333fb39eb671fce0247db65a09b3a80,bugh1yqr,2005.0,45.0
55ad004bac6bb364a50f05a994524661083c4762,opf9jrit,2019.0,34.0
0e692f1cab6a37c312fa58596aafa340d41b6cdc,5fevztjv,2016.0,37.0
53f1779c4169b128072e6f50dc3f31bb2c530a70,rbxmf2q8,2016.0,8.0
1fc91b9b1c3eac8cc1d82779aeb9b1dc04a39d84,qdqssrv1,2020.0,11.0
ea9a516d5cb0b298f0df50e82b3e0400b72fcdff,vucvnbfa,2020.0,1.0
3ebbd75ab128c863e3b655efe104e1c47af13096,yqdik4oh,1998.0,20.0
a882e89c43f5b7d21e122663fdac5dd9c473784a,oa6xjx81,2019.0,34.0
7b20de6209a318b2e36a59799098180cac37537a,5vizhxm4,2016.0,7.0
44ee7dbae6ad53cb13e49e7e641b54089ca5788d,mpivzhog,2019.0,1.0
4a751d520534771593d359069f99d7c4621a861a,spsvccwv,2019.0,50.0
fcd24f925ee7f110bf63947f871367aabcc5fdc9,vb951pft,2018.0,1.0
8cd7587e0fca14aa11779ed8e4268d024d410ec0,iyj65xmi,1986.0,43.0
e012d6bc0e511dca63e70efb2748dc0d12944f89,s74zuskr,2008.0,1.0
c52b77c18700e9625c885a824a0c8b95c3e9cf21,psd48u7x,2016.0,1.0
e9d7f589a3d368a3701832e28d90ca09ec9e5577,emfw0q3h,1999.0,2.0
beeeb5b4d48afd55fd9f35504b20ea90b42b12c9,cbx9zppg,2019.0,40.0
410abafed76d3ffd075b0e155e7b71e465efd126,wv7h2qvf,1997.0,56.0
62b1ec1a065f98bb17e79783fff24374150cbe5a,lab2jkm4,1971.0,1.0
93808ce258f4556df9a58a145c73b872392339ed,78vxrd9z,2017.0,77.0
def1049b5aae96c8e1eab0ca58d77ac9c2f0e3e9,8l3fczr9,2018.0,1.0
eb6208f3e2c0942e38ceffc443dcf64d2cb4ec82,618h7qdi,2013.0,94.0
b52b9b682d0ec79afed694e9b2c88127f5bfa48e,umfgwl4i,2018.0,1.0
acc8645eaf02c793dab94e4852d1f560aca90c22,htejalpq,2006.0,101.0
2f39500bbfbbcfce89d5a1edba18ca76892ee93c,bne4qapv,1998.0,56.0
387247374b28dbd4a89f231107c9cc55d748d1c0,3vp9vxyo,2019.0,1.0
57820e6f974d198bf4bbdf26ae7e1063bac190c3,ted0wfzu,2001.0,1.0
99f319ab72ae43f0ac94fe7ff1891be524611483,grr98p7f,2020.0,1.0
f0bfcda65e04d481767dba40eade6c7001ee908d,mmnc2zzz,2020.0,1.0
dedb4db1790ee4ec5e753824aefc85276ccf1ebc,ufdc0qbe,2001.0,23.0
6addf8bddf2fd2e194a662a8a7f0ea001f2a29a7,tg8tj17h,2004.0,2.0
a1d70956de04935a0cc8f3b2f5b04bffabace669,qe0dssuq,2009.0,30.0
b7c4570d7d97f327e7f82fe28100172ec5e94cac,d5zqo7jq,2017.0,33.0
61c8169aba4e754976f012fd056bf9076c5b7421,2iuga3e1,2018.0,1.0
a156e15812ab648e0f455f08dbe50c3cdffade48,wrk8ghp0,2001.0,23.0
6b59f34c8b1c6f44996eb305577478dd54f54249,fvnze9df,2016.0,39.0
1546b92b145220240e802358c0d94ce621370128,na3vg6o8,2017.0,29.0
9fdc2566c2603b1cd9f78421fadcd593fdfb407e,5ydfuilx,2009.0,30.0
a6fbefbee8b814dc3183e26ef37a44fc5015600d,rxmdj8ke,1999.0,15.0
a7dbaa06dc6948847b44fde69cc1f53b00bea328,gmmmi6gk,2020.0,1.0
745d5b507583f7c7e101bc1cf14d957148285565,uinc0max,2022.0,8.0
1bc2d0de52a77ad5e30d735be5a067c7bed24f9d,7iwoip6p,2020.0,78.0
bbd384d538ba849f5c6a70d030f19fbf93f1dff7,ut38ox63,1983.0,35.0
4dbf5ab853c74d30ce118a13d83cc2a8ccaecada,k6qwn5tc,2019.0,53.0
12d8c11f3006b09130fdd5007e30f10b09687fbe,mcu81hbd,2018.0,1.0
3f9df5c77af49d5b1b19eac9b82cb430b50f482d,52sa1jel,2011.0,23.0
815c84ab906e43f3e6322f2ca3fd5e1360c64285,kexs29bb,2015.0,350.0
d277a60f2904606193170131ffd0c1affc416c7b,r465cjrt,2018.0,128.0
b3cbe851a041fb82a2caf73e3a3aa60713275fda,vnw52t8g,2003.0,17.0
52ba3eaf0b72b41f219315a3044fb63e398d205c,cg7ojfcg,1982.0,28.0
7f7942ca5bad4668eb2246fccc497095c6afcad7,cnuo2fxp,2006.0,6.0
d542456075b2e7148ad905b38f09e373af1b3758,lm9mx130,2006.0,1.0
b94c7ff9532ab26c3aedbee3988ec4c7a237c173,cbz23uhp,1997.0,80.0
0f8ba94096247e6ffec960acafbc18b08ed1ff17,sa5vnt21,2019.0,1.0
cb2722b202b2b0b1b9b87eb4a984dee9040f34c3,mtixz17c,2019.0,1.0
63fa5751ba9dfb5e9d545b538a84e675a263ac03,23d8p6vc,2019.0,7.0
077436a29bb8e49d97687f2901f166ac245a6868,k37dnelk,1999.0,1.0
0df63cbd6f8bb0b325d780c9c2fcef8f6670c588,4ks14qv0,2019.0,1.0
b155ef07c0d664d3f2f4d6071410649f87a210f3,cwnnlynk,2009.0,11.0
cfe2ae8886119c7ddeb4e1917838b60ae15a0ee8,oo1et2eh,2009.0,1.0
eb87afe815676589e11e8ded3f3d96667ebd4bcd,x4p90qt0,1998.0,5.0
0e779fd59353a7f1f5b559b9d65fa4bfe367890c,4x9jzkbl,2016.0,34.0
e0f4e6a1368263582df142b025a0bc14d8a2b6dc,gy21xw3n,2009.0,5.0
fd075bcdf2d7e13d23f7c249a8eded343d5bbe3b,46u1ctjb,2019.0,1.0
29258e7c8a2d43c77933900f4b66e8bdc002943e,8xzgsnvx,2008.0,1.0
29f68a9512a16c6db526fb166a6433be72ad005c,spcdcgqz,2016.0,27.0
6195b623a13e861741ac1e80a7a8b774d5332236,0mopcz25,2020.0,1.0
49c0ebbd20630a5811513217f9be1d210c742ae8,adbznvzo,2020.0,1.0
3302081b8878de505b69900e22b8137c5d931be7,mfhscf55,2020.0,1.0
6c9817b90cfc7cd78143f3749e602febd84d2a81,oxpfy32x,1998.0,53.0
d6ca0a9ea0e51ad099644dcbb6fe226cb7d28eeb,mu3si7g9,2016.0,336.0
781a8311c1e7811bd2a198e319be14020aee8699,v36qp7md,2020.0,1.0
153b1a4325706f0918a436f174b7db7d69fe562d,1gktj8im,1970.0,10.0
2e64d0aa1a5e211e8884b73fa01f4606d2088b7a,oo2akcyg,2019.0,1.0
521796dbbcc65c8e7b5163e40163e380df90db2b,0n239x93,2019.0,1.0
359fb7f6cac282bb0f98e9063565c532b73eab8d,5gy2info,1965.0,12.0
c2e4d8f97d85783895db2c7066b6f3199c08c68c,782h44m6,2017.0,68.0
9606ff5bdeb6b9bde63c5bf6ad22edeca51d35db,m400rrth,2013.0,1.0
833a6052983fa55181b92516d0e1097d74585c58,0smfyhnz,2018.0,30.0
a8b382ced2293e3b191e73eca8e6c1e5a2eb11f3,s0jeaf5j,2020.0,180.0
6bc3ef19eec3ebbdb2ad81231062090e60c38c52,s8drd9a4,2016.0,1.0
bb17ff968ae1dbd772ac337f469d1ca915cb4c03,64y18xsa,2018.0,1.0
a6337d9ebb0b7de84588806110157806f9c0383b,2z14bf9z,2021.0,1.0
a04f10120ebc59bebf3a5af0c8045b3b269a669f,zshzttwj,2020.0,12.0
99db9cc963d8de90074e6364c12e1961a57e2017,dac158bx,2020.0,21.0
eb2ae9f753c4318c0a052218af0a2ba1fdfd8969,7gfufwy2,2018.0,37.0
b543d70d3e4fe6673a2e39832f005fa7ebc79cec,i1l02acm,1998.0,57.0
a89e5bedebd4cc8df7b31408fc23ec9706ceaf12,26sxnqfs,1971.0,1.0
241a7b3525dbe0132ab0559233e0a14a4b7e6ad9,7quet3zo,2019.0,51.0
590ab5940a4d3e9d80821f90491c0c985ec26a9f,2jlc15ed,1989.0,191.0
10a597d9f26856507b88fb528a074a7f197d964b,z4rh6dc2,2009.0,30.0
046c4276b72e21731150c0655519ec717d8f5bad,gms3joch,2018.0,34.0
337bb008eb531c4e8152d6c99423e715ce0d9b05,pjys0ih3,2009.0,13.0
1f4b6049b2ae8e536e1f93097792743936de558c,wtjwsswm,1999.0,15.0
0d57ba12a6d958e178d83be4c84513f7e42b24e5,7ynyks7f,2017.0,1.0
b9c8c93c6112687d25525b996dc951fb845e8648,ihes00uo,2020.0,1.0
22d606ae7351aa4e9598ed6194797d03557abe12,mu8grau1,2001.0,2.0
c2d40522eaa5523d67a0de5e4098e7031fdccb3d,21cwjp3c,2018.0,1.0
06214a0cf38875da38586e81539890f7ad8aeb1c,fcf8k3xj,2008.0,7.0
168f28ac3c8c7ea63bf7ed25f2288e8b67e2fe74,zbvir669,2011.0,1.0
09e48adf1a3f012ec56fbb4f92acae975ee43d87,utjybkzk,2020.0,181.0
4e11ebdc3e4f30d774458fab9e4b45ff0d0aa971,iyw7ce6j,2008.0,68.0
cd3fcd5fcab961ee32acc962fc15cc8a7412ca32,wb37s1w8,1971.0,14.0
378f0a62471ef232c7730d8a67717afa5104ab21,0y7uixgn,2017.0,31.0
692e0bb9f4656166f44b338245153957076a8add,n7miuwz1,2016.0,1.0
861d72c7b1685c2bd5e72215807acdae30d9139f,ik8wfgcb,2017.0,1.0
b227f3e4c0dc96e5ac5426b85485a70f2175a205,5fes9830,2018.0,1.0
840d5e4fc06454f939bc5e5b8eed07d662105d7c,fwrvxtqe,2006.0,46.0
e9c2950df970aa076c1225e789dcb542777dbdf1,pfm8hezs,2007.0,20.0
a73531abe4cafbccd5b3e949e84410a50016bd33,43d3c7xw,2017.0,90.0
664967b5c542489881d7e48784a4b732ceee5e98,emhjb1ar,2009.0,44.0
51060b1737535ae2bec20770d680b3c049bd9402,evsrniqq,1972.0,96.0
4c75b748911ddcd888c5122f7672f69caa5d661f,k9lcalhj,2021.0,41.0
7e9af8a6081dc00187bd4a6727751d1721bd7816,9xc3zyim,2020.0,1.0
a92d7de31100a0fee816f0cb61b4a2a5a2d5e37a,7f44ohq1,2006.0,20.0
c3b4ea5d103d7c6991937035398d5ca9fb3aea83,px8ev0sh,2006.0,48.0
